,TotalSleepInCol,WokeCounts,SEMarkers,TotalSleepInColBlock,RecallBlock,F1,SEOnlyREST,SESelfBlock,WASO,Recall,PrecisionBlock,SEGTBlock,TotalSleepTime,Specificity,Precision,PercentSleepBlock,SpecificityBlock,SESelfBlock5Min,~F1Block,SEInterval,F1Block,Accuracy,SEWholeDF,~F1,PercentSleep,AccuracyBlock,DeltaStartBlock,DeltaEndBlock
sazonov,67133.3  +- 13754.8 ,3190.5  +- 1182.6 ,65.4  +- 13.4 ,84727.4  +- 23446.3 ,88.1  +- 20.3 ,78.7  +- 9.7 ,71.9  +- 9.9 ,70.7  +- 12.9 ,27938.1  +- 14255.2 ,77.1  +- 12.5 ,93.9  +- 9.5 ,69.7  +- 13.4 ,62173.8  +- 13367.2 ,76.7  +- 14.4 ,81.9  +- 10.7 ,67.5  +- 17.6 ,86.3  +- 20.5 ,97.6  +- 3.3 ,76.8  +- 22.4 ,69.3  +- 11.8 ,88.7  +- 17.2 ,77.3  +- 9.0 ,53.9  +- 11.7 ,73.2  +- 12.9 ,53.9  +- 11.7 ,86.2  +- 16.7 ,1740 +- 2170,3397 +- 5700
tl_sazonov,86982.1  +- 16502.8 ,152.4  +- 151.7 ,84.2  +- 13.2 ,64635.7  +- 41309.1 ,65.6  +- 42.5 ,83.1  +- 8.5 ,91.2  +- 8.2 ,95.2  +- 6.5 ,10619.0  +- 11469.5 ,92.6  +- 9.8 ,75.4  +- 37.6 ,88.7  +- 11.8 ,79492.9  +- 15338.9 ,60.4  +- 18.7 ,76.3  +- 10.5 ,52.2  +- 33.2 ,82.6  +- 21.8 ,91.9  +- 16.4 ,65.5  +- 26.2 ,88.6  +- 10.6 ,65.9  +- 40.6 ,79.3  +- 9.4 ,69.6  +- 12.7 ,69.4  +- 17.1 ,69.6  +- 12.7 ,70.7  +- 29.3 ,2179 +- 2638,10859 +- 12717
resc_sazonov,40779.8  +- 17383.1 ,1658.3  +- 618.8 ,41.8  +- 18.6 ,45421.4  +- 30882.3 ,51.0  +- 34.1 ,62.9  +- 20.3 ,45.7  +- 18.0 ,67.4  +- 21.5 ,50565.5  +- 22314.0 ,51.7  +- 21.4 ,95.2  +- 19.2 ,44.9  +- 20.1 ,39546.4  +- 17500.1 ,92.0  +- 9.8 ,89.9  +- 12.1 ,37.0  +- 25.4 ,97.6  +- 9.1 ,96.1  +- 18.6 ,61.3  +- 23.2 ,44.1  +- 18.7 ,59.6  +- 32.8 ,69.4  +- 12.9 ,33.1  +- 14.7 ,71.6  +- 12.6 ,33.1  +- 14.7 ,63.3  +- 25.5 ,3915 +- 4312,9424 +- 8459
resc_tl_sazonov,76279.8  +- 18461.7 ,150.0  +- 155.6 ,75.8  +- 16.7 ,59039.3  +- 35009.9 ,63.9  +- 37.4 ,82.2  +- 11.2 ,82.8  +- 12.8 ,92.0  +- 12.2 ,18272.6  +- 16152.2 ,85.7  +- 14.8 ,88.3  +- 27.7 ,80.3  +- 16.6 ,71839.3  +- 17583.5 ,71.3  +- 19.0 ,80.7  +- 11.2 ,48.1  +- 28.5 ,91.3  +- 17.2 ,98.9  +- 2.8 ,67.6  +- 25.0 ,80.0  +- 15.1 ,68.3  +- 35.6 ,80.2  +- 10.5 ,61.2  +- 15.0 ,74.0  +- 16.3 ,61.2  +- 15.0 ,70.9  +- 27.9 ,2249 +- 2534,9569 +- 11817
tl_resc_sazonov,89972.6  +- 16302.9 ,106.0  +- 121.6 ,85.7  +- 12.2 ,68578.6  +- 40849.1 ,68.4  +- 41.2 ,81.5  +- 8.7 ,91.7  +- 7.5 ,96.6  +- 5.3 ,9538.1  +- 10339.4 ,92.5  +- 9.4 ,75.9  +- 36.4 ,89.8  +- 10.8 ,80573.8  +- 15259.1 ,55.0  +- 18.5 ,73.7  +- 10.6 ,55.2  +- 32.6 ,79.5  +- 21.9 ,89.1  +- 18.8 ,64.7  +- 25.2 ,89.6  +- 9.5 ,68.1  +- 39.3 ,77.0  +- 9.7 ,72.0  +- 12.2 ,65.0  +- 17.6 ,72.0  +- 12.2 ,71.9  +- 28.2 ,2243 +- 2551,10044 +- 12098
sazonov_max,269.0  +- 2465.9 ,1.2  +- 10.9 ,0.2  +- 2.3 ,269.0  +- 2465.9 ,0.3  +- 3.0 ,0.5  +- 4.9 ,0.3  +- 3.0 ,1.2  +- 10.9 ,89842.9  +- 15510.8 ,0.4  +- 3.2 ,1.2  +- 10.9 ,0.3  +- 3.0 ,269.0  +- 2465.9 ,100.0  +- 0.1 ,1.2  +- 10.8 ,0.2  +- 2.3 ,100.0  +- 0.0 ,1.2  +- 10.9 ,42.4  +- 14.6 ,0.3  +- 3.0 ,0.5  +- 4.7 ,43.1  +- 10.4 ,0.2  +- 2.3 ,59.4  +- 10.7 ,0.2  +- 2.3 ,28.1  +- 11.7 ,4168 +- 3651,6850 +- 4499
tl_sazonov_max,1553.6  +- 13019.5 ,1.2  +- 10.9 ,1.3  +- 10.8 ,1436.9  +- 11955.7 ,1.2  +- 10.1 ,1.4  +- 10.7 ,1.6  +- 11.4 ,2.4  +- 15.3 ,88579.8  +- 17712.3 ,1.3  +- 10.9 ,2.4  +- 15.3 ,1.3  +- 10.9 ,1532.1  +- 12824.0 ,98.8  +- 10.9 ,2.0  +- 13.1 ,1.2  +- 10.0 ,100.0  +- 0.0 ,2.2  +- 14.3 ,42.6  +- 14.0 ,1.4  +- 11.0 ,1.4  +- 10.7 ,44.0  +- 11.1 ,1.3  +- 10.8 ,59.1  +- 11.4 ,1.3  +- 10.8 ,29.0  +- 13.3 ,4027 +- 3403,7033 +- 4834
resc_tl_sazonov_max,1506.0  +- 12744.8 ,1.2  +- 10.9 ,1.2  +- 10.6 ,1389.3  +- 11679.8 ,1.2  +- 9.9 ,1.4  +- 10.6 ,1.6  +- 11.2 ,2.4  +- 15.3 ,88627.4  +- 17567.9 ,1.3  +- 10.6 ,2.4  +- 15.3 ,1.3  +- 10.6 ,1484.5  +- 12549.2 ,98.8  +- 10.9 ,2.2  +- 13.9 ,1.1  +- 9.7 ,100.0  +- 0.0 ,2.4  +- 15.3 ,42.6  +- 14.1 ,1.3  +- 10.7 ,1.4  +- 10.5 ,44.0  +- 11.0 ,1.2  +- 10.6 ,59.1  +- 11.5 ,1.2  +- 10.6 ,29.0  +- 13.2 ,4036 +- 3394,7039 +- 4856
sazonov2,57553.6  +- 14089.7 ,2315.5  +- 712.6 ,56.9  +- 14.4 ,78189.3  +- 25285.5 ,83.3  +- 23.2 ,74.6  +- 11.5 ,62.8  +- 11.7 ,65.5  +- 12.7 ,35984.5  +- 16600.3 ,68.3  +- 14.7 ,95.8  +- 7.8 ,60.9  +- 15.1 ,54127.4  +- 13782.4 ,82.7  +- 13.1 ,84.5  +- 10.5 ,62.4  +- 19.5 ,90.1  +- 18.3 ,98.5  +- 2.2 ,75.4  +- 23.1 ,60.4  +- 13.4 ,86.2  +- 19.4 ,74.9  +- 9.5 ,46.4  +- 12.2 ,72.9  +- 12.6 ,46.4  +- 12.2 ,83.9  +- 18.5 ,2123 +- 2500,3846 +- 6722
tl_sazonov2,76098.8  +- 16872.7 ,320.2  +- 211.0 ,75.0  +- 16.6 ,58745.2  +- 38683.7 ,61.5  +- 40.7 ,80.9  +- 10.8 ,82.2  +- 12.5 ,89.8  +- 11.4 ,19503.6  +- 16054.0 ,84.4  +- 14.8 ,79.2  +- 36.3 ,79.1  +- 16.5 ,70608.3  +- 16444.8 ,69.2  +- 17.6 ,79.2  +- 10.4 ,47.4  +- 31.3 ,87.7  +- 20.1 ,94.2  +- 15.8 ,66.2  +- 26.3 ,79.2  +- 14.7 ,64.5  +- 39.3 ,78.7  +- 10.1 ,61.3  +- 14.6 ,72.1  +- 15.3 ,61.3  +- 14.6 ,69.2  +- 29.2 ,2256 +- 2627,11105 +- 12583
resc_sazonov2,24054.8  +- 14074.8 ,1234.5  +- 640.1 ,24.9  +- 15.1 ,26344.0  +- 26783.5 ,30.7  +- 30.7 ,43.8  +- 21.8 ,27.0  +- 15.4 ,66.0  +- 29.1 ,66598.8  +- 21156.1 ,31.3  +- 18.7 ,92.9  +- 25.9 ,26.9  +- 16.6 ,23513.1  +- 14240.0 ,96.5  +- 6.3 ,91.3  +- 14.3 ,21.5  +- 21.8 ,100.0  +- 0.0 ,92.6  +- 25.9 ,53.2  +- 21.6 ,26.2  +- 15.5 ,39.4  +- 32.9 ,59.5  +- 12.5 ,19.6  +- 11.7 ,66.5  +- 11.8 ,19.6  +- 11.7 ,49.4  +- 24.7 ,5295 +- 5890,12545 +- 8444
resc_tl_sazonov2,60175.0  +- 19410.0 ,302.4  +- 219.5 ,60.9  +- 20.5 ,50246.4  +- 32994.5 ,56.6  +- 36.4 ,74.9  +- 16.5 ,67.3  +- 18.0 ,87.9  +- 14.8 ,32814.3  +- 22070.7 ,70.8  +- 21.1 ,95.3  +- 16.3 ,64.7  +- 22.1 ,57297.6  +- 19311.7 ,80.9  +- 15.9 ,84.0  +- 11.8 ,41.1  +- 27.4 ,95.6  +- 12.2 ,99.3  +- 1.9 ,64.1  +- 25.1 ,64.4  +- 19.8 ,63.4  +- 34.3 ,76.0  +- 12.4 ,48.7  +- 16.9 ,73.6  +- 14.5 ,48.7  +- 16.9 ,66.1  +- 28.4 ,2975 +- 3518,10107 +- 11040
tl_resc_sazonov2,80789.3  +- 16673.7 ,225.0  +- 186.2 ,78.5  +- 15.5 ,62839.3  +- 38884.4 ,64.3  +- 39.9 ,80.0  +- 10.3 ,84.7  +- 11.5 ,92.6  +- 9.1 ,16622.6  +- 14380.7 ,86.0  +- 13.6 ,78.9  +- 36.1 ,82.1  +- 15.0 ,73489.3  +- 16097.0 ,62.8  +- 17.9 ,76.0  +- 10.6 ,50.5  +- 31.0 ,84.9  +- 20.1 ,91.4  +- 17.6 ,65.9  +- 25.5 ,82.4  +- 13.4 ,66.8  +- 38.4 ,76.9  +- 9.9 ,64.9  +- 14.2 ,68.3  +- 15.8 ,64.9  +- 14.2 ,70.7  +- 28.0 ,2359 +- 2561,10149 +- 11788
sazonov2_max,264.3  +- 2422.2 ,1.2  +- 10.9 ,0.2  +- 2.2 ,264.3  +- 2422.2 ,0.3  +- 3.0 ,0.5  +- 4.9 ,0.3  +- 2.9 ,1.2  +- 10.9 ,89847.6  +- 15501.4 ,0.3  +- 3.2 ,1.2  +- 10.9 ,0.3  +- 3.0 ,264.3  +- 2422.2 ,100.0  +- 0.1 ,1.2  +- 10.8 ,0.2  +- 2.2 ,100.0  +- 0.0 ,1.2  +- 10.9 ,42.4  +- 14.6 ,0.3  +- 2.9 ,0.5  +- 4.6 ,43.1  +- 10.4 ,0.2  +- 2.2 ,59.4  +- 10.7 ,0.2  +- 2.2 ,28.1  +- 11.7 ,4170 +- 3655,6850 +- 4499
tl_sazonov2_max,1275.0  +- 11685.6 ,1.2  +- 10.9 ,1.1  +- 9.8 ,1275.0  +- 11685.6 ,1.1  +- 9.9 ,1.1  +- 10.1 ,1.1  +- 9.9 ,1.2  +- 10.9 ,88836.9  +- 17160.0 ,1.1  +- 9.9 ,1.2  +- 10.9 ,1.1  +- 9.9 ,1275.0  +- 11685.6 ,99.2  +- 7.5 ,1.1  +- 10.4 ,1.1  +- 9.7 ,100.0  +- 0.0 ,1.2  +- 10.9 ,42.5  +- 14.1 ,1.1  +- 9.9 ,1.1  +- 10.4 ,43.9  +- 10.8 ,1.1  +- 9.7 ,59.4  +- 10.2 ,1.1  +- 9.7 ,28.9  +- 13.1 ,4027 +- 3403,6903 +- 4443
resc_tl_sazonov2_max,1227.4  +- 11249.1 ,1.2  +- 10.9 ,1.0  +- 9.5 ,1227.4  +- 11249.1 ,1.0  +- 9.5 ,1.1  +- 9.9 ,1.0  +- 9.5 ,1.2  +- 10.9 ,88884.5  +- 16945.6 ,1.0  +- 9.5 ,1.2  +- 10.9 ,1.0  +- 9.5 ,1227.4  +- 11249.1 ,99.2  +- 7.4 ,1.1  +- 10.4 ,1.0  +- 9.4 ,100.0  +- 0.0 ,1.2  +- 10.9 ,42.5  +- 14.2 ,1.0  +- 9.5 ,1.1  +- 10.2 ,43.8  +- 10.6 ,1.0  +- 9.4 ,59.4  +- 10.4 ,1.0  +- 9.4 ,28.9  +- 13.0 ,4036 +- 3394,6909 +- 4438
cole,97410.7  +- 14768.5 ,1582.1  +- 1022.7 ,88.5  +- 7.9 ,104397.6  +- 20730.5 ,96.9  +- 11.3 ,81.8  +- 8.0 ,93.9  +- 3.4 ,87.7  +- 7.1 ,6926.2  +- 5537.1 ,97.0  +- 3.3 ,83.8  +- 15.7 ,92.6  +- 5.5 ,83185.7  +- 13507.2 ,48.5  +- 16.5 ,71.5  +- 11.4 ,82.9  +- 12.1 ,57.7  +- 29.1 ,93.0  +- 7.6 ,62.8  +- 25.5 ,92.0  +- 5.1 ,89.3  +- 12.6 ,76.1  +- 9.5 ,77.6  +- 8.3 ,61.8  +- 15.8 ,77.6  +- 8.3 ,84.6  +- 12.7 ,2716 +- 3060,3347 +- 4181
tl_cole,106016.7  +- 15390.2 ,36.9  +- 61.7 ,94.4  +- 7.5 ,98100.0  +- 30776.4 ,89.4  +- 27.7 ,79.7  +- 8.4 ,98.7  +- 1.5 ,95.7  +- 7.2 ,1751.2  +- 3726.3 ,99.3  +- 1.6 ,78.2  +- 24.6 ,98.2  +- 3.5 ,88360.7  +- 14140.1 ,35.2  +- 18.1 ,67.3  +- 11.4 ,77.9  +- 22.4 ,54.2  +- 27.5 ,90.1  +- 13.7 ,58.6  +- 25.6 ,97.7  +- 3.3 ,82.2  +- 25.3 ,71.9  +- 10.6 ,84.5  +- 8.3 ,49.1  +- 20.4 ,84.5  +- 8.3 ,79.0  +- 19.7 ,3188 +- 3321,5327 +- 7717
resc_cole,81982.1  +- 15039.1 ,1404.8  +- 859.4 ,78.4  +- 11.4 ,83182.1  +- 28830.9 ,84.1  +- 28.1 ,84.1  +- 7.6 ,85.1  +- 7.7 ,85.7  +- 10.4 ,14623.8  +- 9966.6 ,90.6  +- 6.9 ,87.4  +- 24.0 ,84.0  +- 10.1 ,75488.1  +- 14443.5 ,68.4  +- 16.7 ,79.5  +- 11.5 ,66.2  +- 21.2 ,82.6  +- 22.2 ,97.2  +- 4.3 ,73.2  +- 24.5 ,82.8  +- 9.3 ,83.9  +- 26.0 ,81.1  +- 8.5 ,65.4  +- 10.6 ,74.2  +- 13.4 ,65.4  +- 10.6 ,82.8  +- 20.5 ,2204 +- 2626,4764 +- 8127
resc_tl_cole,97958.3  +- 15327.3 ,38.1  +- 63.8 ,91.0  +- 9.2 ,89547.6  +- 32289.0 ,86.2  +- 29.7 ,82.0  +- 8.3 ,96.5  +- 3.7 ,95.9  +- 7.1 ,4165.5  +- 5632.8 ,97.5  +- 3.5 ,82.0  +- 25.3 ,95.5  +- 5.6 ,85946.4  +- 14319.3 ,47.6  +- 19.4 ,71.6  +- 11.7 ,71.5  +- 24.2 ,67.6  +- 28.3 ,95.3  +- 5.4 ,66.2  +- 26.5 ,95.0  +- 5.2 ,82.1  +- 27.3 ,76.1  +- 10.3 ,78.1  +- 9.5 ,60.6  +- 19.5 ,78.1  +- 9.5 ,80.7  +- 20.7 ,2797 +- 2818,5319 +- 8993
tl_resc_cole,108254.8  +- 15516.6 ,20.2  +- 46.0 ,94.9  +- 7.0 ,101795.2  +- 26634.1 ,92.3  +- 22.7 ,78.4  +- 8.4 ,98.6  +- 1.8 ,96.7  +- 5.8 ,1597.6  +- 3347.5 ,99.0  +- 1.7 ,79.4  +- 21.2 ,98.3  +- 3.1 ,88514.3  +- 14388.6 ,30.5  +- 17.5 ,65.7  +- 11.2 ,81.0  +- 18.7 ,51.3  +- 26.1 ,89.2  +- 14.1 ,57.3  +- 24.2 ,97.8  +- 3.1 ,84.4  +- 21.1 ,69.7  +- 10.5 ,86.3  +- 8.0 ,43.6  +- 20.5 ,86.3  +- 8.0 ,80.3  +- 16.6 ,3167 +- 3227,4771 +- 6453
cole_max,995.2  +- 9121.5 ,0.0  +- 0.0 ,0.7  +- 6.6 ,995.2  +- 9121.5 ,1.0  +- 9.0 ,1.0  +- 8.8 ,0.8  +- 7.1 ,1.2  +- 10.9 ,89117.9  +- 17053.9 ,1.0  +- 9.0 ,1.2  +- 10.9 ,1.0  +- 9.0 ,994.0  +- 9110.6 ,99.7  +- 3.0 ,0.9  +- 8.6 ,0.7  +- 6.3 ,100.0  +- 0.0 ,1.2  +- 10.9 ,42.7  +- 15.2 ,0.8  +- 7.1 ,1.1  +- 9.9 ,43.3  +- 11.2 ,0.7  +- 6.3 ,59.4  +- 10.9 ,0.7  +- 6.3 ,28.5  +- 13.3 ,3972 +- 3353,6837 +- 4521
tl_cole_max,2670.2  +- 17371.3 ,0.0  +- 0.0 ,2.3  +- 15.0 ,2485.7  +- 16246.0 ,2.2  +- 14.4 ,1.9  +- 12.2 ,2.4  +- 15.4 ,2.4  +- 15.3 ,87713.1  +- 20402.3 ,2.4  +- 15.3 ,2.2  +- 14.1 ,2.4  +- 15.3 ,2398.8  +- 15484.5 ,98.4  +- 11.0 ,1.6  +- 10.7 ,2.0  +- 12.7 ,99.0  +- 7.9 ,2.3  +- 15.1 ,42.9  +- 15.1 ,2.4  +- 15.4 ,2.2  +- 14.1 ,43.5  +- 11.5 ,2.1  +- 13.7 ,58.9  +- 12.0 ,2.1  +- 13.7 ,29.5  +- 14.7 ,3940 +- 3403,6894 +- 4452
resc_tl_cole_max,2622.6  +- 17076.5 ,0.0  +- 0.0 ,2.3  +- 14.8 ,2457.1  +- 16097.5 ,2.2  +- 14.3 ,1.9  +- 12.4 ,2.4  +- 15.4 ,2.4  +- 15.3 ,87716.7  +- 20386.8 ,2.4  +- 15.3 ,2.2  +- 14.3 ,2.4  +- 15.3 ,2395.2  +- 15463.1 ,98.5  +- 10.5 ,1.6  +- 10.9 ,1.9  +- 12.6 ,99.1  +- 7.9 ,2.4  +- 15.2 ,43.0  +- 15.2 ,2.4  +- 15.4 ,2.2  +- 14.2 ,43.6  +- 11.6 ,2.1  +- 13.4 ,59.0  +- 11.9 ,2.1  +- 13.4 ,29.5  +- 14.8 ,3933 +- 3410,6894 +- 4452
time_based,94929.8  +- 16051.6 ,8.3  +- 27.8 ,89.8  +- 10.1 ,87046.4  +- 23929.7 ,87.8  +- 21.3 ,81.3  +- 9.1 ,94.6  +- 5.5 ,99.7  +- 1.4 ,5820.2  +- 7859.7 ,94.9  +- 7.1 ,89.5  +- 16.8 ,93.6  +- 8.1 ,84291.7  +- 15371.9 ,49.3  +- 21.2 ,71.9  +- 12.0 ,69.6  +- 17.8 ,80.4  +- 19.9 ,93.9  +- 8.5 ,73.6  +- 21.5 ,93.7  +- 6.5 ,87.2  +- 19.4 ,75.7  +- 11.1 ,75.8  +- 11.1 ,60.7  +- 20.6 ,75.8  +- 11.1 ,85.1  +- 15.6 ,1961 +- 2399,4046 +- 6020
tl_time_based,96128.6  +- 15970.0 ,15.5  +- 45.2 ,89.6  +- 9.8 ,74075.0  +- 38925.4 ,73.5  +- 38.0 ,80.0  +- 9.1 ,93.9  +- 5.5 ,99.3  +- 3.8 ,6347.6  +- 7683.9 ,94.1  +- 7.1 ,76.4  +- 34.0 ,93.0  +- 8.0 ,83764.3  +- 15568.8 ,46.0  +- 20.8 ,70.4  +- 11.9 ,59.1  +- 30.6 ,78.2  +- 21.4 ,91.0  +- 15.7 ,65.7  +- 24.4 ,93.2  +- 6.4 ,72.4  +- 36.7 ,73.8  +- 11.0 ,76.8  +- 10.9 ,57.3  +- 20.7 ,76.8  +- 10.9 ,74.3  +- 26.9 ,2227 +- 2452,8673 +- 11588
resc_time_based,90144.0  +- 15983.3 ,19.0  +- 42.4 ,87.1  +- 10.7 ,82846.4  +- 24852.4 ,84.6  +- 22.4 ,81.2  +- 9.2 ,91.7  +- 6.5 ,99.7  +- 1.6 ,8359.5  +- 8510.1 ,92.1  +- 7.8 ,90.5  +- 17.1 ,90.8  +- 8.7 ,81752.4  +- 15564.1 ,54.8  +- 20.2 ,73.5  +- 12.3 ,66.2  +- 18.4 ,83.8  +- 19.4 ,95.2  +- 8.0 ,73.4  +- 21.6 ,90.9  +- 7.6 ,85.7  +- 20.7 ,76.4  +- 10.7 ,72.0  +- 11.2 ,64.3  +- 18.3 ,72.0  +- 11.2 ,83.6  +- 17.1 ,2471 +- 2316,4064 +- 6547
resc_tl_time_based,91515.5  +- 16232.8 ,11.9  +- 39.3 ,86.9  +- 10.5 ,83297.6  +- 24891.7 ,83.9  +- 22.1 ,80.0  +- 9.4 ,91.3  +- 6.7 ,99.8  +- 1.3 ,8831.0  +- 8507.7 ,91.5  +- 7.9 ,89.4  +- 17.1 ,90.2  +- 8.8 ,81281.0  +- 15826.1 ,51.4  +- 20.7 ,71.9  +- 12.3 ,66.5  +- 18.3 ,81.1  +- 19.9 ,92.8  +- 12.6 ,71.0  +- 21.1 ,90.5  +- 7.4 ,84.8  +- 20.3 ,74.6  +- 11.0 ,73.1  +- 11.3 ,60.9  +- 19.4 ,73.1  +- 11.3 ,82.3  +- 16.8 ,2661 +- 2347,4324 +- 6330
tl_resc_time_based,97260.7  +- 15869.8 ,16.7  +- 46.1 ,89.3  +- 9.5 ,75247.6  +- 38481.8 ,73.5  +- 37.8 ,78.8  +- 9.2 ,93.1  +- 5.5 ,98.7  +- 4.7 ,6876.2  +- 7509.0 ,93.3  +- 7.2 ,74.2  +- 34.6 ,92.3  +- 7.9 ,83235.7  +- 15788.0 ,42.9  +- 20.4 ,69.0  +- 11.9 ,60.3  +- 30.3 ,73.7  +- 23.1 ,89.3  +- 14.3 ,62.8  +- 24.0 ,92.6  +- 6.2 ,71.8  +- 36.2 ,72.1  +- 11.0 ,77.7  +- 10.6 ,54.1  +- 20.7 ,77.7  +- 10.6 ,72.9  +- 26.9 ,2418 +- 2407,9019 +- 11502
time_based_max,1672.6  +- 15329.8 ,0.0  +- 0.0 ,1.1  +- 10.2 ,1556.0  +- 14260.5 ,1.1  +- 10.5 ,1.1  +- 9.7 ,1.2  +- 10.7 ,1.2  +- 10.9 ,88673.8  +- 17735.1 ,1.2  +- 10.9 ,1.1  +- 9.7 ,1.2  +- 10.9 ,1438.1  +- 13180.4 ,99.1  +- 8.1 ,1.0  +- 8.8 ,1.0  +- 9.5 ,99.4  +- 5.3 ,1.2  +- 10.7 ,42.6  +- 14.7 ,1.2  +- 10.8 ,1.1  +- 10.1 ,43.6  +- 11.1 ,1.1  +- 10.2 ,59.3  +- 10.8 ,1.1  +- 10.2 ,28.7  +- 13.3 ,3990 +- 3390,6869 +- 4483
tl_time_based_max,2970.2  +- 19135.4 ,0.0  +- 0.0 ,2.3  +- 14.5 ,2853.6  +- 18412.2 ,2.1  +- 13.8 ,1.5  +- 9.7 ,2.3  +- 14.8 ,2.4  +- 15.3 ,88040.5  +- 19485.3 ,2.2  +- 14.1 ,1.7  +- 11.1 ,2.1  +- 13.8 ,2071.4  +- 13450.1 ,98.0  +- 12.7 ,1.1  +- 7.4 ,2.0  +- 12.8 ,98.3  +- 10.9 ,2.2  +- 14.1 ,42.1  +- 14.7 ,2.3  +- 14.9 ,1.9  +- 12.3 ,42.8  +- 10.4 ,2.1  +- 13.3 ,58.2  +- 11.7 ,2.1  +- 13.3 ,28.8  +- 13.3 ,4099 +- 3387,6778 +- 4460
resc_tl_time_based_max,2922.6  +- 18829.8 ,0.0  +- 0.0 ,2.2  +- 14.4 ,2806.0  +- 18109.8 ,2.1  +- 13.6 ,1.5  +- 9.8 ,2.3  +- 14.8 ,2.4  +- 15.3 ,88069.0  +- 19387.5 ,2.2  +- 14.1 ,1.7  +- 11.1 ,2.1  +- 13.6 ,2042.9  +- 13292.6 ,98.1  +- 12.3 ,1.2  +- 7.5 ,1.9  +- 12.6 ,98.4  +- 10.7 ,2.2  +- 14.2 ,42.1  +- 14.8 ,2.3  +- 14.8 ,1.9  +- 12.2 ,42.8  +- 10.5 ,2.0  +- 13.1 ,58.3  +- 11.5 ,2.0  +- 13.1 ,28.7  +- 13.3 ,4107 +- 3393,6772 +- 4466
sadeh,102564.3  +- 14857.9 ,444.0  +- 374.3 ,91.8  +- 7.5 ,107210.7  +- 20052.1 ,97.0  +- 11.3 ,80.7  +- 8.1 ,96.6  +- 2.4 ,90.5  +- 6.1 ,4123.8  +- 4284.6 ,98.7  +- 2.2 ,81.5  +- 15.4 ,95.6  +- 4.1 ,85988.1  +- 13799.6 ,40.9  +- 16.4 ,69.1  +- 11.2 ,85.1  +- 11.3 ,50.1  +- 28.9 ,91.8  +- 7.8 ,56.5  +- 26.1 ,95.1  +- 4.2 ,88.0  +- 12.5 ,73.9  +- 9.8 ,81.7  +- 7.9 ,55.4  +- 17.0 ,81.7  +- 7.9 ,82.5  +- 12.7 ,3387 +- 3381,3460 +- 4147
tl_sadeh,109388.1  +- 15425.6 ,34.5  +- 70.3 ,95.6  +- 6.5 ,104729.8  +- 23787.4 ,93.4  +- 21.3 ,78.3  +- 8.3 ,99.0  +- 1.2 ,95.1  +- 6.7 ,1265.5  +- 2903.6 ,99.5  +- 1.1 ,78.2  +- 20.7 ,98.7  +- 2.6 ,88846.4  +- 14354.8 ,29.1  +- 16.7 ,65.3  +- 11.0 ,83.6  +- 16.3 ,45.4  +- 25.9 ,89.9  +- 12.0 ,53.2  +- 25.2 ,98.1  +- 2.9 ,84.6  +- 20.2 ,69.4  +- 10.2 ,87.1  +- 7.6 ,42.2  +- 20.5 ,87.1  +- 7.6 ,80.0  +- 15.5 ,3660 +- 3334,4388 +- 5813
resc_sadeh,87458.3  +- 14868.4 ,473.8  +- 376.8 ,82.4  +- 11.0 ,86221.4  +- 31223.8 ,85.3  +- 30.1 ,83.8  +- 7.5 ,88.9  +- 6.9 ,88.8  +- 9.9 ,10850.0  +- 8750.7 ,93.5  +- 5.4 ,84.2  +- 25.7 ,88.3  +- 8.8 ,79261.9  +- 14145.6 ,61.9  +- 16.9 ,76.8  +- 11.3 ,68.7  +- 23.6 ,76.8  +- 24.7 ,95.8  +- 8.3 ,70.9  +- 25.1 ,86.8  +- 8.5 ,82.7  +- 28.4 ,80.0  +- 8.6 ,69.8  +- 9.9 ,71.1  +- 14.2 ,69.8  +- 9.9 ,81.9  +- 22.3 ,2512 +- 2771,4908 +- 8964
resc_tl_sadeh,100756.0  +- 15750.2 ,40.5  +- 82.3 ,92.1  +- 9.0 ,92595.2  +- 31629.8 ,87.5  +- 28.9 ,81.1  +- 8.2 ,97.1  +- 3.2 ,95.9  +- 6.2 ,3291.7  +- 5300.8 ,98.1  +- 3.1 ,80.1  +- 25.1 ,96.5  +- 5.2 ,86820.2  +- 14463.3 ,43.1  +- 19.9 ,70.0  +- 11.6 ,73.6  +- 23.4 ,63.8  +- 28.5 ,93.8  +- 8.1 ,63.9  +- 27.3 ,95.8  +- 4.8 ,82.4  +- 26.6 ,74.6  +- 10.1 ,80.3  +- 9.3 ,56.3  +- 20.8 ,80.3  +- 9.3 ,80.3  +- 20.8 ,3145 +- 2965,5049 +- 8646
tl_resc_sadeh,111832.1  +- 15342.0 ,17.9  +- 51.9 ,96.1  +- 5.7 ,106994.0  +- 22214.7 ,94.5  +- 18.7 ,77.1  +- 8.2 ,99.0  +- 1.4 ,96.2  +- 5.6 ,1079.8  +- 2411.5 ,99.3  +- 1.4 ,78.0  +- 18.6 ,98.9  +- 2.2 ,89032.1  +- 14608.3 ,24.1  +- 15.3 ,63.7  +- 10.8 ,85.3  +- 14.5 ,41.6  +- 23.6 ,88.6  +- 12.8 ,50.3  +- 23.0 ,98.3  +- 2.6 ,84.9  +- 17.8 ,67.2  +- 10.1 ,89.1  +- 7.1 ,36.2  +- 19.8 ,89.1  +- 7.1 ,79.4  +- 14.1 ,3624 +- 3247,4537 +- 5177
sadeh_max,1114.3  +- 10212.6 ,1.2  +- 10.9 ,0.9  +- 8.6 ,1114.3  +- 10212.6 ,0.9  +- 8.6 ,1.0  +- 9.4 ,0.9  +- 8.6 ,1.2  +- 10.9 ,88997.6  +- 16471.6 ,0.9  +- 8.6 ,1.2  +- 10.9 ,0.9  +- 8.6 ,1114.3  +- 10212.6 ,99.3  +- 6.6 ,1.1  +- 10.4 ,0.9  +- 8.5 ,100.0  +- 0.0 ,1.2  +- 10.9 ,42.4  +- 14.3 ,0.9  +- 8.6 ,1.1  +- 9.6 ,43.7  +- 10.3 ,0.9  +- 8.5 ,59.3  +- 10.5 ,0.9  +- 8.5 ,28.8  +- 12.5 ,4024 +- 3406,6955 +- 4422
tl_sadeh_max,2676.2  +- 17406.0 ,0.0  +- 0.0 ,2.3  +- 15.0 ,2490.5  +- 16271.0 ,2.2  +- 14.4 ,1.9  +- 12.2 ,2.4  +- 15.4 ,2.4  +- 15.3 ,87713.1  +- 20402.3 ,2.4  +- 15.3 ,2.2  +- 14.0 ,2.4  +- 15.3 ,2398.8  +- 15484.5 ,98.4  +- 11.0 ,1.6  +- 10.6 ,2.0  +- 12.8 ,99.0  +- 7.9 ,2.3  +- 15.1 ,42.9  +- 15.1 ,2.4  +- 15.4 ,2.2  +- 14.1 ,43.5  +- 11.5 ,2.1  +- 13.7 ,58.9  +- 12.0 ,2.1  +- 13.7 ,29.5  +- 14.7 ,3941 +- 3401,6894 +- 4452
resc_tl_sadeh_max,2628.6  +- 17111.1 ,0.0  +- 0.0 ,2.3  +- 14.8 ,2461.9  +- 16122.0 ,2.2  +- 14.4 ,1.9  +- 12.4 ,2.4  +- 15.4 ,2.4  +- 15.3 ,87713.1  +- 20402.3 ,2.4  +- 15.3 ,2.2  +- 14.3 ,2.4  +- 15.3 ,2398.8  +- 15484.5 ,98.5  +- 10.6 ,1.6  +- 10.9 ,1.9  +- 12.6 ,99.1  +- 7.9 ,2.4  +- 15.2 ,43.0  +- 15.2 ,2.4  +- 15.4 ,2.2  +- 14.2 ,43.6  +- 11.6 ,2.1  +- 13.5 ,59.0  +- 12.0 ,2.1  +- 13.5 ,29.5  +- 14.8 ,3933 +- 3410,6894 +- 4452
kripke,94813.1  +- 14845.7 ,1332.1  +- 851.5 ,87.1  +- 8.6 ,99796.4  +- 23380.1 ,94.5  +- 17.7 ,82.6  +- 7.8 ,92.9  +- 4.1 ,87.5  +- 7.8 ,7950.0  +- 6332.0 ,96.5  +- 4.0 ,84.9  +- 17.5 ,91.4  +- 6.3 ,82161.9  +- 13629.1 ,52.4  +- 16.9 ,73.1  +- 11.4 ,79.5  +- 15.7 ,63.2  +- 28.1 ,94.4  +- 5.1 ,66.4  +- 24.8 ,90.9  +- 5.9 ,88.5  +- 16.9 ,77.5  +- 9.3 ,75.6  +- 8.8 ,64.9  +- 15.6 ,75.6  +- 8.8 ,85.1  +- 13.5 ,2457 +- 2992,3435 +- 4883
tl_kripke,102671.4  +- 15604.4 ,72.6  +- 88.3 ,92.9  +- 8.1 ,91797.6  +- 35477.9 ,84.5  +- 33.5 ,80.8  +- 8.2 ,97.7  +- 2.2 ,94.8  +- 7.3 ,2819.0  +- 4772.5 ,98.7  +- 2.2 ,76.4  +- 28.5 ,97.1  +- 4.8 ,87292.9  +- 14199.5 ,40.8  +- 18.1 ,69.1  +- 11.4 ,73.0  +- 26.8 ,59.7  +- 26.9 ,90.0  +- 14.0 ,61.1  +- 25.3 ,96.5  +- 4.1 ,78.8  +- 30.7 ,73.9  +- 10.2 ,81.8  +- 8.7 ,54.8  +- 19.0 ,81.8  +- 8.7 ,77.8  +- 22.1 ,3080 +- 3164,6188 +- 9092
resc_kripke,76806.0  +- 16319.6 ,1109.5  +- 642.4 ,74.3  +- 13.5 ,73041.7  +- 34559.2 ,74.3  +- 34.8 ,83.4  +- 8.1 ,81.1  +- 10.5 ,84.5  +- 12.7 ,18585.7  +- 12431.9 ,86.9  +- 10.0 ,84.9  +- 29.2 ,79.6  +- 12.8 ,71526.2  +- 15846.4 ,72.7  +- 16.8 ,81.5  +- 11.4 ,58.6  +- 26.7 ,85.1  +- 21.7 ,97.6  +- 4.4 ,69.2  +- 24.8 ,78.5  +- 11.9 ,75.9  +- 32.8 ,81.0  +- 8.6 ,61.3  +- 12.0 ,75.3  +- 13.1 ,61.3  +- 12.0 ,77.0  +- 24.0 ,2443 +- 2611,7113 +- 10008
resc_tl_kripke,92902.4  +- 15438.9 ,88.1  +- 126.5 ,87.8  +- 10.5 ,83933.3  +- 35410.0 ,82.1  +- 33.9 ,83.1  +- 7.7 ,93.7  +- 5.3 ,94.9  +- 5.4 ,6710.7  +- 7513.0 ,95.9  +- 4.8 ,80.8  +- 29.7 ,92.8  +- 7.7 ,83401.2  +- 14264.5 ,55.1  +- 18.4 ,74.3  +- 11.4 ,66.6  +- 26.9 ,76.0  +- 23.8 ,96.7  +- 4.8 ,69.8  +- 24.4 ,92.2  +- 7.1 ,79.5  +- 32.0 ,78.4  +- 9.3 ,74.1  +- 10.0 ,66.6  +- 17.0 ,74.1  +- 10.0 ,80.0  +- 23.5 ,2611 +- 2705,5999 +- 9959
tl_resc_kripke,105500.0  +- 15805.5 ,32.1  +- 56.3 ,93.9  +- 7.5 ,95610.7  +- 33049.4 ,87.3  +- 30.3 ,79.3  +- 8.3 ,98.0  +- 2.2 ,96.4  +- 5.1 ,2356.0  +- 4359.3 ,98.5  +- 2.4 ,76.8  +- 27.0 ,97.5  +- 4.4 ,87756.0  +- 14597.4 ,35.1  +- 17.7 ,67.1  +- 11.3 ,76.0  +- 24.6 ,56.7  +- 25.9 ,88.1  +- 16.7 ,59.8  +- 23.9 ,97.1  +- 3.6 ,80.8  +- 28.2 ,71.4  +- 10.4 ,84.0  +- 8.4 ,48.7  +- 19.7 ,84.0  +- 8.4 ,79.0  +- 19.7 ,3061 +- 3045,5675 +- 8078
kripke_max,992.9  +- 9099.7 ,0.0  +- 0.0 ,0.7  +- 6.6 ,992.9  +- 9099.7 ,1.0  +- 9.0 ,1.0  +- 8.8 ,0.8  +- 7.0 ,1.2  +- 10.9 ,89121.4  +- 17038.8 ,1.0  +- 9.0 ,1.2  +- 10.9 ,1.0  +- 9.0 ,990.5  +- 9077.9 ,99.7  +- 2.9 ,0.9  +- 8.7 ,0.7  +- 6.3 ,100.0  +- 0.1 ,1.2  +- 10.9 ,42.7  +- 15.2 ,0.8  +- 7.0 ,1.1  +- 9.8 ,43.3  +- 11.2 ,0.7  +- 6.3 ,59.4  +- 10.9 ,0.7  +- 6.3 ,28.5  +- 13.3 ,3973 +- 3353,6837 +- 4520
tl_kripke_max,1994.0  +- 12967.2 ,1.2  +- 10.9 ,2.1  +- 13.8 ,1877.4  +- 12136.0 ,1.9  +- 12.1 ,2.0  +- 13.1 ,2.0  +- 12.8 ,2.4  +- 15.3 ,88185.7  +- 18889.6 ,2.0  +- 13.3 ,2.3  +- 14.8 ,2.0  +- 13.0 ,1926.2  +- 12506.4 ,99.0  +- 6.7 ,2.0  +- 13.0 ,1.6  +- 10.6 ,98.7  +- 10.3 ,2.3  +- 15.0 ,42.7  +- 15.2 ,2.0  +- 12.9 ,2.0  +- 13.2 ,44.1  +- 11.7 ,1.7  +- 11.3 ,59.7  +- 11.0 ,1.7  +- 11.3 ,29.4  +- 13.6 ,3935 +- 3382,7035 +- 4388
resc_tl_kripke_max,1946.4  +- 12654.9 ,1.2  +- 10.9 ,2.1  +- 13.7 ,1829.8  +- 11825.2 ,1.8  +- 12.0 ,2.0  +- 13.2 ,1.9  +- 12.6 ,2.4  +- 15.3 ,88204.8  +- 18836.6 ,2.0  +- 13.3 ,2.3  +- 15.0 ,2.0  +- 12.9 ,1907.1  +- 12401.0 ,99.2  +- 5.8 ,2.1  +- 13.3 ,1.6  +- 10.3 ,98.8  +- 10.2 ,2.4  +- 15.2 ,42.8  +- 15.3 ,1.9  +- 12.6 ,2.0  +- 13.2 ,44.2  +- 11.8 ,1.7  +- 11.0 ,59.8  +- 11.0 ,1.7  +- 11.0 ,29.4  +- 13.7 ,3927 +- 3389,7041 +- 4393
webster,102545.2  +- 14856.9 ,695.2  +- 528.9 ,91.6  +- 7.3 ,107841.7  +- 20064.6 ,97.0  +- 11.3 ,80.6  +- 8.1 ,96.3  +- 2.4 ,89.7  +- 6.3 ,4403.6  +- 4278.6 ,98.5  +- 2.2 ,81.0  +- 15.5 ,95.3  +- 4.1 ,85708.3  +- 13837.8 ,40.9  +- 16.2 ,69.0  +- 11.3 ,85.6  +- 11.1 ,48.5  +- 28.8 ,91.4  +- 7.9 ,55.1  +- 25.8 ,94.7  +- 4.1 ,87.6  +- 12.5 ,73.7  +- 9.8 ,81.7  +- 7.8 ,55.3  +- 16.7 ,81.7  +- 7.8 ,81.9  +- 12.7 ,3369 +- 3384,3692 +- 4142
tl_webster,110054.8  +- 15576.7 ,28.6  +- 61.3 ,95.9  +- 6.4 ,105144.0  +- 24969.1 ,93.9  +- 20.1 ,78.1  +- 8.3 ,99.1  +- 1.2 ,96.4  +- 4.6 ,1122.6  +- 2881.0 ,99.6  +- 1.1 ,78.7  +- 19.0 ,98.9  +- 2.6 ,88989.3  +- 14390.8 ,27.9  +- 16.9 ,65.0  +- 11.0 ,83.5  +- 17.1 ,44.9  +- 26.6 ,89.6  +- 12.0 ,52.6  +- 25.4 ,98.2  +- 2.9 ,84.8  +- 18.6 ,69.0  +- 10.3 ,87.7  +- 7.7 ,40.7  +- 20.8 ,87.7  +- 7.7 ,79.5  +- 15.4 ,3665 +- 3390,4331 +- 5620
resc_webster,88167.9  +- 14490.3 ,703.6  +- 484.3 ,82.7  +- 10.3 ,86863.1  +- 31033.9 ,85.5  +- 30.0 ,83.5  +- 7.7 ,89.1  +- 6.4 ,89.6  +- 7.2 ,10610.7  +- 8215.7 ,93.6  +- 5.3 ,84.3  +- 25.5 ,88.5  +- 8.2 ,79501.2  +- 14098.0 ,60.9  +- 16.7 ,76.2  +- 11.5 ,69.2  +- 23.4 ,76.6  +- 24.7 ,95.7  +- 8.2 ,71.3  +- 24.6 ,87.1  +- 7.9 ,82.9  +- 28.3 ,79.5  +- 8.8 ,70.3  +- 9.6 ,70.3  +- 14.2 ,70.3  +- 9.6 ,82.4  +- 21.3 ,2498 +- 2809,4780 +- 8575
resc_tl_webster,102006.0  +- 16085.4 ,35.7  +- 73.9 ,92.9  +- 8.5 ,96582.1  +- 28245.7 ,90.8  +- 24.0 ,80.7  +- 8.3 ,97.4  +- 3.1 ,95.9  +- 7.0 ,2934.5  +- 5074.1 ,98.2  +- 3.2 ,82.1  +- 21.5 ,96.9  +- 5.0 ,87177.4  +- 14535.1 ,41.1  +- 20.0 ,69.3  +- 11.6 ,76.9  +- 20.1 ,60.0  +- 29.6 ,94.0  +- 6.1 ,63.0  +- 27.2 ,96.2  +- 4.7 ,85.0  +- 22.2 ,73.8  +- 10.4 ,81.2  +- 9.4 ,54.3  +- 21.1 ,81.2  +- 9.4 ,82.1  +- 17.2 ,3148 +- 3090,4237 +- 7217
tl_resc_webster,112333.3  +- 15338.0 ,16.7  +- 51.1 ,96.4  +- 5.7 ,108028.6  +- 20820.1 ,95.7  +- 15.5 ,76.9  +- 8.2 ,99.0  +- 1.5 ,97.0  +- 4.2 ,1015.5  +- 2511.6 ,99.3  +- 1.3 ,78.9  +- 16.7 ,98.9  +- 2.3 ,89096.4  +- 14612.4 ,23.2  +- 15.4 ,63.4  +- 10.7 ,86.0  +- 12.9 ,41.7  +- 24.4 ,89.0  +- 12.0 ,50.5  +- 23.5 ,98.3  +- 2.7 ,85.9  +- 15.2 ,66.9  +- 10.0 ,89.5  +- 7.1 ,34.9  +- 19.8 ,89.5  +- 7.1 ,80.1  +- 12.5 ,3608 +- 3313,4184 +- 4465
webster_max,1115.5  +- 10223.5 ,0.0  +- 0.0 ,1.2  +- 10.7 ,1115.5  +- 10223.5 ,1.2  +- 10.9 ,1.1  +- 10.5 ,1.2  +- 10.8 ,1.2  +- 10.9 ,89006.0  +- 18054.7 ,1.2  +- 10.9 ,1.2  +- 10.8 ,1.2  +- 10.9 ,1106.0  +- 10136.2 ,99.8  +- 1.6 ,1.1  +- 10.1 ,0.8  +- 7.5 ,100.0  +- 0.2 ,1.2  +- 10.9 ,42.9  +- 15.8 ,1.2  +- 10.8 ,1.2  +- 10.8 ,43.6  +- 11.9 ,0.8  +- 7.5 ,59.7  +- 11.3 ,0.8  +- 7.5 ,28.7  +- 14.0 ,3969 +- 3433,6752 +- 4516
tl_webster_max,2831.0  +- 18289.2 ,0.0  +- 0.0 ,2.4  +- 15.3 ,2645.2  +- 17124.9 ,2.2  +- 14.4 ,1.8  +- 11.7 ,2.4  +- 15.4 ,2.4  +- 15.3 ,87713.1  +- 20402.3 ,2.4  +- 15.3 ,2.0  +- 13.0 ,2.4  +- 15.3 ,2398.8  +- 15484.5 ,98.0  +- 12.9 ,1.5  +- 9.7 ,2.1  +- 13.5 ,98.4  +- 10.2 ,2.3  +- 14.8 ,42.5  +- 14.5 ,2.4  +- 15.4 ,2.1  +- 13.7 ,43.4  +- 11.0 ,2.2  +- 14.5 ,58.5  +- 12.0 ,2.2  +- 14.5 ,29.3  +- 14.2 ,3988 +- 3384,6894 +- 4452
resc_tl_webster_max,2783.3  +- 17988.3 ,0.0  +- 0.0 ,2.4  +- 15.3 ,2616.7  +- 16961.5 ,2.2  +- 14.4 ,1.8  +- 11.8 ,2.4  +- 15.4 ,2.4  +- 15.3 ,87713.1  +- 20402.3 ,2.4  +- 15.3 ,2.0  +- 13.2 ,2.4  +- 15.3 ,2398.8  +- 15484.5 ,98.1  +- 12.3 ,1.5  +- 9.9 ,2.1  +- 13.4 ,98.5  +- 9.6 ,2.3  +- 14.8 ,42.6  +- 14.6 ,2.4  +- 15.4 ,2.1  +- 13.7 ,43.4  +- 11.1 ,2.2  +- 14.2 ,58.6  +- 11.7 ,2.2  +- 14.2 ,29.3  +- 14.2 ,3979 +- 3383,6894 +- 4452
oakley10,80770.2  +- 14070.1 ,4356.0  +- 2089.7 ,76.5  +- 11.0 ,92234.5  +- 23359.1 ,92.4  +- 17.8 ,82.2  +- 7.9 ,83.2  +- 6.9 ,79.0  +- 10.5 ,17453.6  +- 10384.2 ,88.1  +- 8.2 ,89.5  +- 17.5 ,81.1  +- 10.0 ,72658.3  +- 12823.1 ,66.7  +- 16.2 ,78.1  +- 11.1 ,73.5  +- 16.0 ,79.4  +- 23.9 ,95.9  +- 4.9 ,76.0  +- 22.0 ,80.7  +- 8.8 ,90.0  +- 17.0 ,79.0  +- 8.6 ,64.6  +- 10.3 ,71.7  +- 13.8 ,64.6  +- 10.3 ,88.1  +- 12.7 ,1690 +- 2333,3090 +- 4929
tl_oakley10,94836.9  +- 16222.7 ,72.6  +- 89.6 ,89.6  +- 10.2 ,76428.6  +- 40652.5 ,74.0  +- 40.5 ,83.1  +- 8.0 ,95.9  +- 4.1 ,97.0  +- 4.6 ,5309.5  +- 6682.3 ,97.0  +- 5.0 ,73.8  +- 36.9 ,94.3  +- 7.1 ,84802.4  +- 14342.2 ,52.2  +- 19.8 ,73.5  +- 11.1 ,61.0  +- 31.6 ,75.0  +- 23.9 ,89.9  +- 16.5 ,66.5  +- 25.7 ,94.2  +- 6.1 ,72.0  +- 38.4 ,78.1  +- 10.0 ,75.7  +- 11.0 ,64.5  +- 19.3 ,75.7  +- 11.0 ,75.2  +- 27.1 ,2304 +- 2739,8660 +- 11405
resc_oakley10,61688.1  +- 16588.1 ,3166.7  +- 1406.5 ,61.5  +- 15.9 ,61597.6  +- 33362.5 ,67.4  +- 35.0 ,79.0  +- 11.8 ,67.9  +- 13.0 ,77.7  +- 15.1 ,31136.9  +- 16901.9 ,74.5  +- 15.2 ,95.2  +- 16.7 ,66.1  +- 16.6 ,58975.0  +- 16036.8 ,83.7  +- 14.5 ,86.9  +- 11.0 ,49.8  +- 26.8 ,94.2  +- 15.7 ,99.3  +- 2.1 ,68.9  +- 25.6 ,65.3  +- 14.9 ,72.5  +- 32.5 ,78.8  +- 10.1 ,49.5  +- 13.6 ,76.1  +- 12.8 ,49.5  +- 13.6 ,73.7  +- 26.4 ,2123 +- 2180,8043 +- 10236
resc_tl_oakley10,86697.6  +- 16686.5 ,70.2  +- 91.5 ,84.4  +- 12.3 ,64773.8  +- 36751.9 ,67.5  +- 38.8 ,84.1  +- 8.8 ,91.2  +- 7.4 ,97.2  +- 7.0 ,9747.6  +- 9443.9 ,93.2  +- 7.9 ,81.3  +- 34.3 ,89.4  +- 10.0 ,80364.3  +- 15077.3 ,62.7  +- 20.2 ,77.5  +- 11.7 ,52.6  +- 29.5 ,86.6  +- 20.2 ,97.6  +- 5.3 ,67.9  +- 25.7 ,89.3  +- 9.1 ,69.8  +- 37.1 ,80.4  +- 10.1 ,69.2  +- 12.2 ,71.1  +- 18.3 ,69.2  +- 12.2 ,72.6  +- 28.1 ,2058 +- 2227,9473 +- 11789
tl_resc_oakley10,97029.8  +- 16212.4 ,50.0  +- 75.3 ,90.3  +- 9.5 ,82126.2  +- 37748.2 ,78.7  +- 37.2 ,81.6  +- 8.1 ,95.8  +- 4.0 ,97.0  +- 4.5 ,5059.5  +- 6120.4 ,96.4  +- 4.8 ,74.9  +- 34.7 ,94.6  +- 6.5 ,85052.4  +- 14560.0 ,47.4  +- 19.6 ,71.4  +- 11.0 ,65.8  +- 29.4 ,71.1  +- 24.7 ,86.9  +- 20.5 ,65.9  +- 24.9 ,94.4  +- 5.5 ,75.8  +- 35.7 ,75.8  +- 10.2 ,77.4  +- 10.8 ,59.9  +- 19.8 ,77.4  +- 10.8 ,77.9  +- 24.2 ,2341 +- 2630,7470 +- 10298
oakley10_max,356.0  +- 3262.4 ,1.2  +- 10.9 ,0.4  +- 3.4 ,356.0  +- 3262.4 ,0.5  +- 5.0 ,0.7  +- 6.0 ,0.5  +- 4.6 ,1.2  +- 10.9 ,89770.2  +- 16099.1 ,0.5  +- 4.7 ,1.1  +- 10.5 ,0.5  +- 5.0 ,341.7  +- 3131.4 ,99.8  +- 1.5 ,0.9  +- 8.3 ,0.3  +- 3.2 ,100.0  +- 0.3 ,1.2  +- 10.9 ,42.4  +- 14.8 ,0.5  +- 4.6 ,0.7  +- 6.8 ,43.1  +- 10.7 ,0.3  +- 3.2 ,59.3  +- 10.8 ,0.3  +- 3.2 ,28.2  +- 12.3 ,3980 +- 3430,6879 +- 4480
tl_oakley10_max,1697.6  +- 11065.5 ,1.2  +- 10.9 ,1.5  +- 9.8 ,1581.0  +- 10226.3 ,1.7  +- 11.1 ,2.0  +- 12.8 ,1.9  +- 12.6 ,2.4  +- 15.3 ,88425.0  +- 18237.8 ,1.9  +- 12.6 ,2.4  +- 15.3 ,1.8  +- 12.3 ,1686.9  +- 10986.7 ,99.6  +- 2.8 ,2.1  +- 13.4 ,1.3  +- 8.6 ,100.0  +- 0.3 ,2.3  +- 14.7 ,43.0  +- 15.2 ,1.8  +- 12.1 ,1.9  +- 12.6 ,44.0  +- 12.1 ,1.4  +- 9.5 ,59.9  +- 11.2 ,1.4  +- 9.5 ,29.1  +- 13.9 ,3932 +- 3404,6997 +- 4545
resc_tl_oakley10_max,1650.0  +- 10752.9 ,1.2  +- 10.9 ,1.4  +- 9.5 ,1533.3  +- 9915.3 ,1.6  +- 10.9 ,2.0  +- 12.8 ,1.9  +- 12.4 ,2.4  +- 15.3 ,88463.1  +- 18109.3 ,1.9  +- 12.4 ,2.4  +- 15.3 ,1.8  +- 12.0 ,1648.8  +- 10744.1 ,99.6  +- 2.4 ,2.1  +- 13.6 ,1.3  +- 8.4 ,100.0  +- 0.0 ,2.3  +- 15.0 ,43.0  +- 15.2 ,1.8  +- 11.7 ,1.9  +- 12.4 ,44.0  +- 12.1 ,1.4  +- 9.2 ,59.9  +- 11.2 ,1.4  +- 9.2 ,29.1  +- 13.8 ,3935 +- 3401,7002 +- 4557
oakley40,93439.3  +- 14225.1 ,3446.4  +- 1896.3 ,85.7  +- 8.4 ,101811.9  +- 20655.7 ,96.4  +- 11.4 ,82.0  +- 7.8 ,91.5  +- 3.8 ,85.1  +- 7.8 ,9327.4  +- 6525.5 ,95.0  +- 4.2 ,85.5  +- 15.9 ,90.0  +- 6.3 ,80784.5  +- 13034.6 ,53.0  +- 16.4 ,72.9  +- 11.3 ,80.8  +- 12.0 ,64.2  +- 28.7 ,93.3  +- 7.4 ,67.3  +- 24.7 ,89.5  +- 5.7 ,90.0  +- 12.6 ,76.9  +- 9.0 ,74.5  +- 8.6 ,64.6  +- 15.0 ,74.5  +- 8.6 ,85.9  +- 12.6 ,2031 +- 2829,3525 +- 4095
tl_oakley40,102878.6  +- 15857.8 ,35.7  +- 63.3 ,93.4  +- 8.5 ,93446.4  +- 32000.3 ,87.9  +- 29.2 ,80.9  +- 8.4 ,98.4  +- 1.8 ,96.9  +- 5.0 ,2220.2  +- 4274.2 ,98.9  +- 2.4 ,79.3  +- 26.1 ,97.7  +- 4.2 ,87891.7  +- 14219.2 ,40.7  +- 19.0 ,69.2  +- 11.6 ,74.3  +- 23.7 ,62.1  +- 26.5 ,90.0  +- 16.4 ,64.1  +- 25.1 ,97.2  +- 3.7 ,82.3  +- 27.0 ,73.9  +- 10.7 ,82.0  +- 9.1 ,54.6  +- 20.6 ,82.0  +- 9.1 ,80.5  +- 20.1 ,2805 +- 3040,5327 +- 8388
resc_oakley40,79319.0  +- 14570.6 ,2957.1  +- 1525.0 ,76.4  +- 11.2 ,79616.7  +- 31332.0 ,81.6  +- 30.8 ,84.1  +- 7.7 ,83.4  +- 7.2 ,84.8  +- 9.0 ,16519.0  +- 10225.5 ,89.1  +- 7.3 ,88.3  +- 24.1 ,82.0  +- 10.1 ,73592.9  +- 13872.7 ,71.1  +- 16.6 ,80.7  +- 11.4 ,63.6  +- 23.7 ,85.7  +- 20.8 ,98.0  +- 3.0 ,74.0  +- 24.4 ,80.8  +- 9.0 ,81.9  +- 28.9 ,81.4  +- 8.6 ,63.4  +- 10.5 ,75.2  +- 13.5 ,63.4  +- 10.5 ,82.1  +- 21.7 ,1837 +- 2320,5522 +- 8892
resc_tl_oakley40,95703.6  +- 16391.9 ,38.1  +- 67.5 ,90.1  +- 10.3 ,84107.1  +- 33554.2 ,82.5  +- 33.1 ,82.7  +- 8.4 ,95.9  +- 3.9 ,97.1  +- 6.2 ,4813.1  +- 6350.4 ,96.9  +- 4.2 ,82.4  +- 28.2 ,94.8  +- 6.4 ,85298.8  +- 14652.9 ,51.4  +- 20.7 ,73.0  +- 12.1 ,67.2  +- 25.9 ,74.0  +- 25.7 ,95.1  +- 8.5 ,69.3  +- 25.9 ,94.4  +- 5.7 ,80.3  +- 30.8 ,77.4  +- 10.6 ,76.3  +- 10.4 ,63.4  +- 20.0 ,76.3  +- 10.4 ,80.6  +- 22.7 ,2396 +- 2476,5807 +- 9497
tl_resc_oakley40,104772.6  +- 15695.3 ,22.6  +- 52.3 ,93.7  +- 7.9 ,96370.2  +- 29457.2 ,89.6  +- 26.6 ,79.6  +- 8.4 ,98.2  +- 2.1 ,97.2  +- 4.5 ,2208.3  +- 3845.7 ,98.4  +- 2.8 ,79.4  +- 24.4 ,97.7  +- 3.8 ,87903.6  +- 14509.1 ,36.5  +- 18.1 ,67.5  +- 11.4 ,76.8  +- 21.6 ,58.6  +- 25.7 ,89.0  +- 16.0 ,61.9  +- 23.7 ,97.3  +- 3.4 ,83.4  +- 24.7 ,71.9  +- 10.6 ,83.5  +- 8.7 ,50.1  +- 20.2 ,83.5  +- 8.7 ,80.9  +- 17.9 ,2803 +- 2936,5139 +- 7521
oakley40_max,690.5  +- 6328.3 ,1.2  +- 10.9 ,0.7  +- 6.6 ,690.5  +- 6328.3 ,1.1  +- 9.9 ,1.0  +- 9.3 ,1.0  +- 9.0 ,1.2  +- 10.9 ,89436.9  +- 17504.6 ,1.1  +- 9.8 ,1.2  +- 10.7 ,1.1  +- 9.9 ,675.0  +- 6186.5 ,99.7  +- 2.3 ,1.0  +- 8.9 ,0.7  +- 6.1 ,100.0  +- 0.3 ,1.2  +- 10.9 ,42.7  +- 15.5 ,1.0  +- 9.0 ,1.1  +- 10.3 ,43.3  +- 11.4 ,0.7  +- 6.1 ,59.5  +- 11.1 ,0.7  +- 6.1 ,28.5  +- 13.6 ,3980 +- 3430,6779 +- 4502
tl_oakley40_max,2622.6  +- 17114.5 ,0.0  +- 0.0 ,2.3  +- 14.7 ,2438.1  +- 16000.1 ,2.2  +- 14.2 ,1.9  +- 12.2 ,2.4  +- 15.3 ,2.4  +- 15.3 ,87735.7  +- 20304.7 ,2.4  +- 15.2 ,2.2  +- 14.3 ,2.4  +- 15.2 ,2376.2  +- 15349.5 ,98.5  +- 10.8 ,1.6  +- 10.8 ,1.9  +- 12.5 ,99.1  +- 7.9 ,2.4  +- 15.2 ,42.9  +- 15.1 ,2.4  +- 15.3 ,2.2  +- 14.1 ,43.5  +- 11.5 ,2.1  +- 13.4 ,58.9  +- 12.1 ,2.1  +- 13.4 ,29.5  +- 14.7 ,3939 +- 3404,6894 +- 4452
resc_tl_oakley40_max,2575.0  +- 16822.1 ,0.0  +- 0.0 ,2.2  +- 14.5 ,2409.5  +- 15856.6 ,2.2  +- 14.0 ,1.9  +- 12.2 ,2.4  +- 15.1 ,2.4  +- 15.3 ,87764.3  +- 20183.8 ,2.3  +- 15.0 ,2.2  +- 14.3 ,2.3  +- 15.0 ,2347.6  +- 15181.2 ,98.6  +- 10.5 ,1.6  +- 10.9 ,1.9  +- 12.4 ,99.1  +- 7.9 ,2.4  +- 15.2 ,42.9  +- 15.0 ,2.4  +- 15.1 ,2.2  +- 14.0 ,43.5  +- 11.5 ,2.0  +- 13.2 ,59.0  +- 11.9 ,2.0  +- 13.2 ,29.4  +- 14.6 ,3948 +- 3396,6894 +- 4452
oakley80,99754.8  +- 14541.6 ,2438.1  +- 1489.1 ,89.6  +- 7.3 ,105279.8  +- 20416.3 ,96.9  +- 11.3 ,80.8  +- 8.0 ,94.6  +- 2.8 ,87.9  +- 6.5 ,6139.3  +- 4886.0 ,97.2  +- 2.8 ,83.0  +- 15.6 ,93.4  +- 4.7 ,83972.6  +- 13418.1 ,44.4  +- 16.0 ,69.9  +- 11.3 ,83.6  +- 11.9 ,55.2  +- 28.3 ,92.0  +- 7.7 ,60.8  +- 24.2 ,92.9  +- 4.4 ,88.7  +- 12.5 ,74.5  +- 9.5 ,79.5  +- 7.9 ,58.1  +- 15.9 ,79.5  +- 7.9 ,83.7  +- 12.4 ,2410 +- 2929,3976 +- 4113
tl_oakley80,107486.9  +- 15369.8 ,21.4  +- 51.7 ,95.3  +- 7.3 ,100569.0  +- 27256.1 ,92.3  +- 23.6 ,79.1  +- 8.5 ,99.1  +- 1.3 ,97.5  +- 4.2 ,1251.2  +- 3264.9 ,99.4  +- 1.9 ,78.9  +- 22.8 ,98.7  +- 3.0 ,88860.7  +- 14424.3 ,32.4  +- 18.9 ,66.4  +- 11.5 ,80.1  +- 19.8 ,53.6  +- 26.2 ,90.0  +- 12.9 ,59.5  +- 24.0 ,98.2  +- 3.2 ,84.6  +- 22.4 ,70.7  +- 10.8 ,85.7  +- 8.5 ,45.6  +- 22.0 ,85.7  +- 8.5 ,81.2  +- 16.6 ,3190 +- 3135,4551 +- 6968
resc_oakley80,87067.9  +- 14334.1 ,2181.0  +- 1248.2 ,82.1  +- 10.1 ,88311.9  +- 27104.1 ,88.8  +- 24.6 ,83.7  +- 7.9 ,88.7  +- 6.0 ,87.8  +- 9.6 ,11229.8  +- 8031.3 ,93.2  +- 5.3 ,88.4  +- 20.0 ,87.8  +- 8.0 ,78882.1  +- 13640.5 ,62.6  +- 17.1 ,76.9  +- 11.8 ,70.3  +- 20.0 ,79.9  +- 23.1 ,97.0  +- 4.0 ,74.8  +- 23.1 ,86.6  +- 7.4 ,86.7  +- 22.8 ,80.0  +- 9.0 ,69.4  +- 9.4 ,71.3  +- 14.5 ,69.4  +- 9.4 ,85.1  +- 18.9 ,1965 +- 2508,3940 +- 7395
resc_tl_oakley80,101227.4  +- 15827.2 ,21.4  +- 53.9 ,92.9  +- 9.1 ,93747.6  +- 28233.3 ,89.8  +- 25.0 ,80.9  +- 8.5 ,97.6  +- 3.1 ,97.5  +- 5.5 ,2888.1  +- 5036.1 ,98.1  +- 3.6 ,83.3  +- 21.6 ,96.9  +- 5.0 ,87223.8  +- 14729.9 ,42.1  +- 20.9 ,69.7  +- 11.8 ,74.8  +- 20.7 ,65.2  +- 28.0 ,95.0  +- 4.9 ,66.6  +- 25.6 ,96.3  +- 4.8 ,85.0  +- 22.8 ,74.2  +- 10.7 ,80.7  +- 9.9 ,55.0  +- 22.4 ,80.7  +- 9.9 ,82.6  +- 17.8 ,2832 +- 2832,4394 +- 7697
tl_resc_oakley80,109140.5  +- 15079.4 ,16.7  +- 46.1 ,95.4  +- 6.8 ,102206.0  +- 24842.8 ,93.2  +- 21.3 ,78.0  +- 8.4 ,98.8  +- 1.7 ,98.0  +- 3.6 ,1304.8  +- 2823.2 ,99.0  +- 2.1 ,79.4  +- 20.8 ,98.6  +- 2.6 ,88807.1  +- 14587.5 ,28.7  +- 17.5 ,65.1  +- 11.2 ,81.5  +- 17.6 ,51.2  +- 24.7 ,89.5  +- 12.9 ,58.2  +- 22.7 ,98.1  +- 2.9 ,85.3  +- 20.3 ,69.0  +- 10.4 ,87.0  +- 7.9 ,41.4  +- 20.7 ,87.0  +- 7.9 ,81.3  +- 15.2 ,3145 +- 3032,4507 +- 6328
oakley80_max,700.0  +- 6415.6 ,1.2  +- 10.9 ,0.7  +- 6.7 ,700.0  +- 6415.6 ,1.1  +- 9.9 ,1.0  +- 9.2 ,1.0  +- 9.0 ,1.2  +- 10.9 ,89436.9  +- 17504.6 ,1.1  +- 9.8 ,1.1  +- 10.5 ,1.1  +- 9.9 ,675.0  +- 6186.5 ,99.7  +- 2.5 ,1.0  +- 8.7 ,0.7  +- 6.2 ,99.9  +- 0.6 ,1.2  +- 10.9 ,42.7  +- 15.5 ,1.0  +- 9.0 ,1.1  +- 10.2 ,43.3  +- 11.3 ,0.7  +- 6.2 ,59.5  +- 11.0 ,0.7  +- 6.2 ,28.5  +- 13.5 ,3983 +- 3427,6779 +- 4502
tl_oakley80_max,3983.3  +- 20864.6 ,1.2  +- 10.9 ,3.4  +- 17.7 ,3750.0  +- 19725.7 ,3.3  +- 17.1 ,2.7  +- 14.1 ,3.6  +- 18.7 ,3.6  +- 18.7 ,86696.4  +- 20937.8 ,3.6  +- 18.6 ,3.1  +- 16.4 ,3.4  +- 17.7 ,3415.5  +- 18112.0 ,96.9  +- 16.3 ,2.2  +- 11.5 ,3.1  +- 16.4 ,97.0  +- 16.0 ,3.4  +- 18.0 ,42.2  +- 15.2 ,3.4  +- 17.8 ,3.2  +- 16.6 ,43.6  +- 11.2 ,3.4  +- 17.6 ,57.9  +- 13.5 ,3.4  +- 17.6 ,30.2  +- 14.9 ,4015 +- 3415,6948 +- 4379
resc_tl_oakley80_max,3935.7  +- 20616.5 ,1.2  +- 10.9 ,3.4  +- 17.7 ,3702.4  +- 19477.0 ,3.2  +- 17.0 ,2.7  +- 14.2 ,3.6  +- 18.6 ,3.6  +- 18.7 ,86725.0  +- 20839.5 ,3.6  +- 18.6 ,3.1  +- 16.5 ,3.4  +- 17.6 ,3386.9  +- 17953.7 ,97.0  +- 15.9 ,2.2  +- 11.6 ,3.1  +- 16.2 ,97.1  +- 15.8 ,3.5  +- 18.1 ,42.2  +- 15.2 ,3.4  +- 17.7 ,3.2  +- 16.6 ,43.6  +- 11.3 ,3.3  +- 17.4 ,58.0  +- 13.3 ,3.3  +- 17.4 ,30.2  +- 14.9 ,4012 +- 3418,6954 +- 4379
ExtraTrees,78372.6  +- 15984.4 ,994.0  +- 607.1 ,76.6  +- 14.5 ,72215.5  +- 35438.5 ,75.1  +- 36.8 ,85.1  +- 8.6 ,84.5  +- 9.6 ,84.4  +- 13.0 ,16877.4  +- 13037.5 ,89.7  +- 10.6 ,85.3  +- 30.6 ,81.7  +- 13.5 ,73234.5  +- 15237.8 ,73.1  +- 16.9 ,82.3  +- 10.9 ,58.2  +- 28.0 ,88.6  +- 17.7 ,97.8  +- 5.4 ,73.2  +- 25.2 ,81.3  +- 12.1 ,76.3  +- 34.9 ,82.9  +- 9.1 ,62.7  +- 12.5 ,77.3  +- 13.6 ,62.7  +- 12.5 ,78.8  +- 25.5 ,1802 +- 2444,7426 +- 10942
tl_ExtraTrees,85709.5  +- 16366.2 ,248.8  +- 197.3 ,82.9  +- 13.5 ,65303.6  +- 41698.3 ,64.8  +- 42.9 ,83.7  +- 8.2 ,90.0  +- 8.6 ,91.7  +- 10.1 ,11541.7  +- 11093.3 ,92.5  +- 9.6 ,73.0  +- 39.0 ,87.5  +- 11.9 ,78570.2  +- 15458.1 ,62.7  +- 17.8 ,77.4  +- 9.9 ,52.4  +- 33.0 ,81.6  +- 22.7 ,94.7  +- 13.0 ,65.1  +- 26.8 ,87.3  +- 10.9 ,65.1  +- 40.8 ,80.3  +- 9.0 ,68.5  +- 12.3 ,71.3  +- 16.2 ,68.5  +- 12.3 ,70.3  +- 29.1 ,2432 +- 2817,10953 +- 12605
resc_ExtraTrees,58825.0  +- 18694.7 ,721.4  +- 420.6 ,59.5  +- 19.5 ,56033.3  +- 33129.6 ,62.1  +- 35.7 ,76.7  +- 15.8 ,65.6  +- 16.5 ,82.9  +- 16.3 ,33361.9  +- 20501.3 ,71.5  +- 19.8 ,96.4  +- 16.0 ,63.7  +- 20.7 ,56750.0  +- 19063.6 ,84.8  +- 14.3 ,87.2  +- 11.8 ,45.5  +- 27.0 ,96.8  +- 11.7 ,99.5  +- 1.5 ,67.7  +- 24.8 ,63.0  +- 18.6 ,68.7  +- 33.4 ,77.7  +- 12.3 ,47.3  +- 15.6 ,75.9  +- 13.6 ,47.3  +- 15.6 ,71.2  +- 26.3 ,2716 +- 2984,8434 +- 10049
resc_tl_ExtraTrees,70776.2  +- 18373.4 ,241.7  +- 194.6 ,70.5  +- 17.6 ,64619.0  +- 33429.0 ,69.3  +- 34.5 ,81.9  +- 11.9 ,77.7  +- 14.3 ,85.7  +- 16.2 ,22635.7  +- 17165.2 ,82.4  +- 15.9 ,91.6  +- 22.0 ,75.4  +- 18.0 ,67476.2  +- 18152.9 ,76.8  +- 17.3 ,83.8  +- 10.3 ,52.2  +- 26.5 ,92.7  +- 15.9 ,99.1  +- 2.1 ,69.8  +- 24.8 ,74.6  +- 16.7 ,73.8  +- 32.0 ,80.8  +- 10.5 ,56.8  +- 15.0 ,76.2  +- 15.1 ,56.8  +- 15.0 ,75.1  +- 25.1 ,2248 +- 2628,7692 +- 10369
tl_resc_ExtraTrees,90142.9  +- 16487.5 ,148.8  +- 155.6 ,85.8  +- 12.5 ,68840.5  +- 42021.4 ,66.9  +- 42.3 ,82.1  +- 8.3 ,91.8  +- 7.8 ,94.4  +- 7.9 ,9253.6  +- 9615.4 ,93.3  +- 8.9 ,72.2  +- 38.6 ,89.9  +- 10.5 ,80858.3  +- 15457.5 ,55.9  +- 17.6 ,74.2  +- 10.1 ,54.9  +- 32.7 ,78.0  +- 22.3 ,90.4  +- 17.6 ,64.3  +- 25.7 ,89.8  +- 9.6 ,66.5  +- 40.2 ,77.8  +- 9.1 ,72.0  +- 11.8 ,66.3  +- 16.8 ,72.0  +- 11.8 ,70.8  +- 28.5 ,2499 +- 2701,10368 +- 12049
ExtraTrees_max,1045.2  +- 9579.8 ,1.2  +- 10.9 ,1.2  +- 10.7 ,1045.2  +- 9579.8 ,1.2  +- 10.9 ,1.1  +- 10.5 ,1.2  +- 10.6 ,1.2  +- 10.9 ,89066.7  +- 18071.9 ,1.2  +- 10.9 ,1.2  +- 10.9 ,1.2  +- 10.9 ,1045.2  +- 9579.8 ,99.8  +- 1.4 ,1.1  +- 10.1 ,0.8  +- 7.4 ,100.0  +- 0.0 ,1.2  +- 10.9 ,42.9  +- 15.9 ,1.2  +- 10.6 ,1.2  +- 10.9 ,43.6  +- 11.9 ,0.8  +- 7.4 ,59.7  +- 11.4 ,0.8  +- 7.4 ,28.7  +- 14.0 ,3952 +- 3428,6795 +- 4539
tl_ExtraTrees_max,1551.2  +- 13017.6 ,1.2  +- 10.9 ,1.3  +- 10.8 ,1434.5  +- 11953.7 ,1.2  +- 10.1 ,1.4  +- 10.7 ,1.6  +- 11.4 ,2.4  +- 15.3 ,88582.1  +- 17711.9 ,1.3  +- 10.9 ,2.4  +- 15.3 ,1.3  +- 10.9 ,1529.8  +- 12822.1 ,98.8  +- 10.9 ,2.0  +- 13.2 ,1.2  +- 10.0 ,100.0  +- 0.0 ,2.2  +- 14.4 ,42.6  +- 14.0 ,1.4  +- 11.0 ,1.4  +- 10.7 ,44.0  +- 11.1 ,1.3  +- 10.8 ,59.1  +- 11.4 ,1.3  +- 10.8 ,29.0  +- 13.3 ,4027 +- 3403,7034 +- 4837
resc_tl_ExtraTrees_max,1503.6  +- 12743.2 ,1.2  +- 10.9 ,1.2  +- 10.6 ,1386.9  +- 11678.1 ,1.2  +- 9.9 ,1.4  +- 10.6 ,1.6  +- 11.2 ,2.4  +- 15.3 ,88629.8  +- 17567.7 ,1.3  +- 10.6 ,2.4  +- 15.3 ,1.3  +- 10.6 ,1482.1  +- 12547.5 ,98.8  +- 10.9 ,2.2  +- 14.1 ,1.1  +- 9.7 ,100.0  +- 0.0 ,2.4  +- 15.3 ,42.6  +- 14.1 ,1.3  +- 10.7 ,1.3  +- 10.5 ,44.0  +- 11.0 ,1.2  +- 10.6 ,59.2  +- 11.5 ,1.2  +- 10.6 ,29.0  +- 13.2 ,4036 +- 3394,7040 +- 4859
SGD_perceptron,78914.3  +- 19134.6 ,879.8  +- 743.3 ,76.7  +- 17.3 ,76525.0  +- 33862.9 ,78.9  +- 34.5 ,83.1  +- 10.8 ,84.3  +- 14.7 ,84.8  +- 13.0 ,17013.1  +- 16914.6 ,88.4  +- 14.8 ,86.5  +- 27.5 ,81.8  +- 17.0 ,73098.8  +- 17493.4 ,70.0  +- 18.5 ,80.7  +- 11.1 ,61.2  +- 26.1 ,86.3  +- 18.8 ,98.2  +- 3.4 ,73.8  +- 25.3 ,81.5  +- 16.0 ,79.3  +- 32.4 ,80.7  +- 10.3 ,63.1  +- 14.9 ,74.3  +- 14.9 ,63.1  +- 14.9 ,80.3  +- 25.0 ,1984 +- 2747,6354 +- 10232
tl_SGD_perceptron,85207.1  +- 18397.3 ,234.5  +- 223.1 ,81.9  +- 15.6 ,64319.0  +- 41564.3 ,65.0  +- 43.0 ,82.2  +- 10.0 ,88.6  +- 12.5 ,92.7  +- 9.4 ,12526.2  +- 14353.0 ,90.8  +- 12.7 ,75.3  +- 37.5 ,86.7  +- 14.7 ,77585.7  +- 16545.3 ,61.5  +- 19.0 ,76.6  +- 10.8 ,51.4  +- 32.9 ,82.0  +- 22.4 ,95.1  +- 12.7 ,65.5  +- 27.1 ,86.5  +- 13.9 ,65.3  +- 40.8 ,78.6  +- 10.2 ,68.1  +- 13.9 ,69.2  +- 17.0 ,68.1  +- 13.9 ,69.8  +- 30.5 ,2274 +- 2916,10947 +- 12936
resc_SGD_perceptron,60932.1  +- 22378.0 ,551.2  +- 363.5 ,61.0  +- 22.6 ,53154.8  +- 34655.4 ,58.7  +- 38.0 ,76.0  +- 17.9 ,67.6  +- 21.2 ,85.2  +- 15.6 ,31646.4  +- 24412.9 ,72.7  +- 23.3 ,91.7  +- 24.2 ,65.9  +- 23.9 ,58465.5  +- 22105.2 ,82.3  +- 16.4 ,85.8  +- 12.2 ,43.5  +- 28.5 ,95.7  +- 12.7 ,99.6  +- 1.0 ,65.9  +- 25.3 ,64.9  +- 22.2 ,64.3  +- 36.5 ,77.3  +- 13.5 ,48.9  +- 18.4 ,75.2  +- 14.3 ,48.9  +- 18.4 ,68.3  +- 27.7 ,2870 +- 3678,9791 +- 10753
resc_tl_SGD_perceptron,71083.3  +- 20688.1 ,204.8  +- 204.7 ,70.4  +- 20.0 ,61367.9  +- 33324.4 ,66.3  +- 36.1 ,79.7  +- 14.4 ,77.4  +- 17.9 ,88.3  +- 14.3 ,23098.8  +- 20874.7 ,81.1  +- 19.5 ,89.5  +- 26.0 ,75.3  +- 20.7 ,67013.1  +- 19753.6 ,74.5  +- 18.3 ,81.9  +- 11.5 ,49.7  +- 27.1 ,92.9  +- 13.7 ,99.2  +- 2.0 ,68.8  +- 25.3 ,74.8  +- 19.4 ,70.8  +- 34.2 ,78.7  +- 12.2 ,56.9  +- 16.8 ,73.9  +- 16.2 ,56.9  +- 16.8 ,72.6  +- 27.2 ,2568 +- 3003,8485 +- 11075
tl_resc_SGD_perceptron,89451.2  +- 18232.8 ,140.5  +- 164.4 ,84.8  +- 14.4 ,67161.9  +- 41369.3 ,66.6  +- 42.0 ,81.0  +- 9.6 ,90.5  +- 11.4 ,95.6  +- 6.0 ,10335.7  +- 12561.8 ,91.8  +- 11.6 ,74.8  +- 37.3 ,88.9  +- 13.0 ,79776.2  +- 16386.7 ,55.2  +- 18.8 ,73.7  +- 10.6 ,53.7  +- 32.5 ,78.7  +- 22.4 ,90.1  +- 17.5 ,63.9  +- 26.0 ,88.9  +- 12.6 ,66.5  +- 39.8 ,76.5  +- 10.1 ,71.4  +- 13.3 ,64.7  +- 17.4 ,71.4  +- 13.3 ,70.1  +- 29.2 ,2376 +- 2821,10530 +- 12251
SGD_perceptron_max,1213.1  +- 11118.2 ,0.0  +- 0.0 ,1.1  +- 9.8 ,1213.1  +- 11118.2 ,1.2  +- 10.9 ,1.1  +- 9.8 ,1.2  +- 10.8 ,1.2  +- 10.9 ,88909.5  +- 18016.6 ,1.2  +- 10.9 ,1.2  +- 10.8 ,1.2  +- 10.9 ,1202.4  +- 11020.0 ,99.6  +- 3.4 ,1.0  +- 8.9 ,0.8  +- 7.7 ,100.0  +- 0.2 ,1.2  +- 10.9 ,42.9  +- 15.8 ,1.2  +- 10.8 ,1.2  +- 10.9 ,43.4  +- 11.5 ,0.8  +- 7.7 ,59.5  +- 11.0 ,0.8  +- 7.7 ,28.7  +- 14.0 ,3985 +- 3433,6765 +- 4525
tl_SGD_perceptron_max,1557.1  +- 13022.3 ,1.2  +- 10.9 ,1.3  +- 10.8 ,1440.5  +- 11958.8 ,1.2  +- 10.2 ,1.4  +- 10.7 ,1.6  +- 11.4 ,2.4  +- 15.3 ,88576.2  +- 17713.0 ,1.3  +- 10.9 ,2.4  +- 15.3 ,1.3  +- 10.9 ,1535.7  +- 12826.9 ,98.8  +- 10.9 ,2.0  +- 13.1 ,1.2  +- 10.0 ,100.0  +- 0.0 ,2.2  +- 14.3 ,42.6  +- 14.0 ,1.4  +- 11.0 ,1.4  +- 10.7 ,44.0  +- 11.1 ,1.3  +- 10.8 ,59.1  +- 11.4 ,1.3  +- 10.8 ,29.0  +- 13.3 ,4027 +- 3403,7032 +- 4830
resc_tl_SGD_perceptron_max,1509.5  +- 12747.3 ,1.2  +- 10.9 ,1.2  +- 10.6 ,1392.9  +- 11682.6 ,1.2  +- 9.9 ,1.4  +- 10.6 ,1.6  +- 11.2 ,2.4  +- 15.3 ,88623.8  +- 17568.3 ,1.3  +- 10.6 ,2.4  +- 15.3 ,1.3  +- 10.6 ,1488.1  +- 12551.7 ,98.8  +- 10.9 ,2.1  +- 13.7 ,1.1  +- 9.7 ,100.0  +- 0.0 ,2.4  +- 15.3 ,42.6  +- 14.1 ,1.3  +- 10.7 ,1.4  +- 10.5 ,44.0  +- 11.0 ,1.2  +- 10.6 ,59.1  +- 11.5 ,1.2  +- 10.6 ,29.0  +- 13.2 ,4036 +- 3394,7038 +- 4852
SGD_log,78669.0  +- 17039.3 ,1250.0  +- 915.5 ,76.8  +- 15.3 ,73581.0  +- 33704.6 ,77.0  +- 34.9 ,85.0  +- 9.0 ,84.7  +- 11.1 ,85.8  +- 11.6 ,16701.2  +- 14205.1 ,89.8  +- 11.7 ,87.7  +- 27.6 ,82.0  +- 14.6 ,73410.7  +- 15936.6 ,72.7  +- 16.8 ,82.1  +- 10.7 ,59.1  +- 26.5 ,89.2  +- 17.3 ,98.7  +- 2.2 ,74.1  +- 25.0 ,81.6  +- 13.1 ,78.4  +- 32.8 ,82.7  +- 9.2 ,63.0  +- 13.4 ,77.1  +- 13.1 ,63.0  +- 13.4 ,79.9  +- 24.7 ,1811 +- 2584,6752 +- 10432
tl_SGD_log,85498.8  +- 17428.9 ,211.9  +- 183.3 ,82.7  +- 14.3 ,68269.0  +- 40274.7 ,68.9  +- 41.4 ,83.6  +- 8.6 ,89.9  +- 10.0 ,92.3  +- 8.9 ,11763.1  +- 12320.5 ,92.4  +- 10.5 ,76.6  +- 36.7 ,87.4  +- 13.0 ,78348.8  +- 15787.8 ,62.9  +- 18.4 ,77.6  +- 10.2 ,54.4  +- 31.7 ,81.5  +- 22.8 ,95.7  +- 12.1 ,66.7  +- 27.5 ,87.4  +- 11.8 ,69.0  +- 39.3 ,80.2  +- 9.3 ,68.3  +- 13.1 ,71.2  +- 16.5 ,68.3  +- 13.1 ,72.5  +- 29.2 ,2315 +- 2904,9839 +- 12431
resc_SGD_log,60690.5  +- 19592.3 ,777.4  +- 497.8 ,61.2  +- 20.1 ,54786.9  +- 33628.9 ,60.4  +- 36.2 ,77.8  +- 15.1 ,67.6  +- 17.2 ,84.5  +- 15.2 ,31664.3  +- 21286.5 ,73.3  +- 19.6 ,94.6  +- 19.6 ,65.6  +- 21.2 ,58447.6  +- 19580.8 ,83.8  +- 14.7 ,87.0  +- 10.8 ,44.6  +- 27.5 ,96.0  +- 12.7 ,99.7  +- 0.8 ,66.6  +- 24.5 ,64.8  +- 19.2 ,66.7  +- 34.3 ,78.6  +- 11.8 ,48.8  +- 16.4 ,76.3  +- 13.1 ,48.8  +- 16.4 ,69.6  +- 27.0 ,2667 +- 2816,9240 +- 10528
resc_tl_SGD_log,72356.0  +- 18778.7 ,210.7  +- 186.3 ,71.8  +- 18.0 ,60476.2  +- 33980.5 ,65.8  +- 36.5 ,81.9  +- 12.0 ,79.1  +- 14.6 ,89.8  +- 13.7 ,21445.2  +- 17436.5 ,83.4  +- 16.0 ,90.7  +- 24.2 ,76.8  +- 18.1 ,68666.7  +- 18003.8 ,75.4  +- 18.1 ,83.1  +- 10.8 ,49.1  +- 27.6 ,93.3  +- 15.3 ,99.4  +- 1.8 ,68.6  +- 25.5 ,76.2  +- 16.7 ,70.4  +- 34.3 ,80.6  +- 10.4 ,58.0  +- 15.4 ,75.5  +- 15.2 ,58.0  +- 15.4 ,72.3  +- 27.5 ,2321 +- 2758,8839 +- 11471
tl_resc_SGD_log,89292.9  +- 17416.2 ,151.2  +- 161.7 ,85.1  +- 13.3 ,68929.8  +- 40509.4 ,68.4  +- 41.3 ,82.0  +- 8.6 ,91.2  +- 9.2 ,95.0  +- 6.6 ,10028.6  +- 10996.0 ,92.7  +- 9.8 ,74.9  +- 37.2 ,89.2  +- 11.7 ,80083.3  +- 15648.6 ,56.5  +- 18.2 ,74.5  +- 10.2 ,55.0  +- 31.7 ,78.9  +- 22.1 ,91.5  +- 17.4 ,65.0  +- 26.4 ,89.4  +- 10.6 ,68.3  +- 39.2 ,77.7  +- 9.4 ,71.3  +- 12.6 ,66.3  +- 17.0 ,71.3  +- 12.6 ,71.5  +- 28.9 ,2418 +- 2812,10010 +- 12120
SGD_log_max,1104.8  +- 10125.3 ,0.0  +- 0.0 ,1.2  +- 10.6 ,1104.8  +- 10125.3 ,1.2  +- 10.9 ,1.1  +- 10.2 ,1.2  +- 10.7 ,1.2  +- 10.9 ,89008.3  +- 18067.6 ,1.2  +- 10.9 ,1.2  +- 10.9 ,1.2  +- 10.9 ,1103.6  +- 10114.4 ,99.5  +- 4.1 ,1.0  +- 9.5 ,1.0  +- 9.1 ,100.0  +- 0.1 ,1.2  +- 10.9 ,43.1  +- 15.8 ,1.2  +- 10.7 ,1.2  +- 10.9 ,43.6  +- 11.5 ,1.0  +- 9.1 ,59.7  +- 10.8 ,1.0  +- 9.1 ,28.8  +- 13.9 ,4024 +- 3406,6807 +- 4537
tl_SGD_log_max,1548.8  +- 13015.8 ,1.2  +- 10.9 ,1.3  +- 10.8 ,1432.1  +- 11951.7 ,1.2  +- 10.1 ,1.4  +- 10.7 ,1.6  +- 11.4 ,2.4  +- 15.3 ,88584.5  +- 17711.5 ,1.3  +- 10.9 ,2.4  +- 15.3 ,1.3  +- 10.9 ,1527.4  +- 12820.3 ,98.8  +- 10.9 ,2.1  +- 13.3 ,1.2  +- 10.0 ,100.0  +- 0.0 ,2.3  +- 14.5 ,42.6  +- 14.0 ,1.4  +- 11.0 ,1.4  +- 10.7 ,44.0  +- 11.1 ,1.3  +- 10.8 ,59.1  +- 11.4 ,1.3  +- 10.8 ,29.0  +- 13.3 ,4027 +- 3403,7035 +- 4839
resc_tl_SGD_log_max,1501.2  +- 12741.7 ,1.2  +- 10.9 ,1.2  +- 10.6 ,1384.5  +- 11676.4 ,1.2  +- 9.9 ,1.4  +- 10.6 ,1.5  +- 11.1 ,2.4  +- 15.3 ,88632.1  +- 17567.5 ,1.3  +- 10.6 ,2.4  +- 15.3 ,1.3  +- 10.6 ,1479.8  +- 12546.0 ,98.8  +- 10.9 ,2.2  +- 14.2 ,1.1  +- 9.7 ,100.0  +- 0.0 ,2.4  +- 15.3 ,42.6  +- 14.1 ,1.3  +- 10.7 ,1.3  +- 10.5 ,44.0  +- 11.0 ,1.2  +- 10.6 ,59.2  +- 11.5 ,1.2  +- 10.6 ,29.0  +- 13.2 ,4036 +- 3394,7040 +- 4862
SGD_hinge,78572.6  +- 16869.7 ,1025.0  +- 651.0 ,76.7  +- 15.0 ,75186.9  +- 33956.3 ,77.9  +- 34.3 ,85.1  +- 8.7 ,84.6  +- 10.5 ,85.0  +- 11.8 ,16803.6  +- 13576.8 ,89.9  +- 11.2 ,86.9  +- 27.5 ,81.8  +- 14.1 ,73308.3  +- 15789.6 ,72.9  +- 17.1 ,82.3  +- 10.8 ,60.3  +- 26.5 ,86.8  +- 18.9 ,98.6  +- 2.2 ,73.1  +- 24.9 ,81.4  +- 12.7 ,78.9  +- 32.3 ,82.9  +- 9.2 ,62.9  +- 13.2 ,77.2  +- 13.3 ,62.9  +- 13.2 ,80.0  +- 24.3 ,1945 +- 2503,6512 +- 10221
tl_SGD_hinge,85529.8  +- 17501.0 ,241.7  +- 192.1 ,82.6  +- 14.1 ,65178.6  +- 40923.6 ,65.5  +- 42.2 ,83.5  +- 8.5 ,89.7  +- 9.5 ,92.2  +- 8.6 ,11870.2  +- 11731.7 ,92.2  +- 10.2 ,76.3  +- 36.6 ,87.2  +- 12.5 ,78241.7  +- 15732.4 ,62.7  +- 18.6 ,77.5  +- 10.2 ,52.2  +- 32.3 ,80.9  +- 23.0 ,95.2  +- 12.3 ,64.9  +- 27.1 ,87.1  +- 11.6 ,66.0  +- 39.9 ,80.0  +- 9.3 ,68.4  +- 13.1 ,70.9  +- 16.6 ,68.4  +- 13.1 ,70.0  +- 29.5 ,2233 +- 2792,10932 +- 12458
resc_SGD_hinge,60232.1  +- 19258.8 ,709.5  +- 375.7 ,60.7  +- 19.7 ,55029.8  +- 33022.9 ,61.1  +- 35.7 ,77.6  +- 14.7 ,67.0  +- 16.6 ,83.4  +- 16.4 ,32082.1  +- 20397.7 ,72.9  +- 19.1 ,94.5  +- 19.5 ,65.1  +- 20.5 ,58029.8  +- 19201.7 ,84.0  +- 14.7 ,87.2  +- 10.9 ,44.8  +- 27.0 ,96.0  +- 12.7 ,99.7  +- 0.8 ,66.3  +- 24.6 ,64.3  +- 18.6 ,67.5  +- 33.7 ,78.3  +- 11.6 ,48.4  +- 16.0 ,76.1  +- 12.9 ,48.4  +- 16.0 ,69.9  +- 26.6 ,2575 +- 2851,9228 +- 10555
resc_tl_SGD_hinge,71127.4  +- 19174.7 ,235.7  +- 174.7 ,70.7  +- 18.0 ,61056.0  +- 34098.8 ,66.0  +- 36.3 ,81.6  +- 11.9 ,78.0  +- 14.4 ,87.7  +- 14.1 ,22644.0  +- 17382.5 ,82.3  +- 15.9 ,89.3  +- 26.1 ,75.3  +- 18.0 ,67467.9  +- 18393.9 ,76.2  +- 18.3 ,83.5  +- 10.7 ,49.6  +- 27.5 ,92.5  +- 15.7 ,99.5  +- 1.0 ,67.8  +- 25.4 ,74.8  +- 16.8 ,70.4  +- 34.5 ,80.4  +- 10.4 ,57.0  +- 15.6 ,75.5  +- 15.4 ,57.0  +- 15.6 ,72.4  +- 26.9 ,2344 +- 2789,8843 +- 11493
tl_resc_SGD_hinge,89866.7  +- 17502.1 ,150.0  +- 157.2 ,85.5  +- 13.0 ,70545.2  +- 41019.9 ,69.4  +- 40.9 ,82.1  +- 8.4 ,91.5  +- 8.6 ,94.9  +- 6.5 ,9577.4  +- 10130.7 ,93.0  +- 9.4 ,76.8  +- 35.3 ,89.6  +- 10.9 ,80534.5  +- 15520.8 ,56.1  +- 18.5 ,74.4  +- 10.3 ,56.2  +- 31.9 ,77.6  +- 23.2 ,90.9  +- 17.5 ,64.7  +- 25.8 ,89.6  +- 10.3 ,69.0  +- 38.7 ,77.7  +- 9.3 ,71.8  +- 12.6 ,66.1  +- 17.1 ,71.8  +- 12.6 ,72.1  +- 28.0 ,2319 +- 2679,9706 +- 11662
SGD_hinge_max,1103.6  +- 10114.4 ,0.0  +- 0.0 ,1.2  +- 10.6 ,1103.6  +- 10114.4 ,1.2  +- 10.9 ,1.1  +- 10.2 ,1.2  +- 10.7 ,1.2  +- 10.9 ,89008.3  +- 18067.6 ,1.2  +- 10.9 ,1.2  +- 10.9 ,1.2  +- 10.9 ,1103.6  +- 10114.4 ,99.5  +- 4.1 ,1.0  +- 9.5 ,1.0  +- 9.0 ,100.0  +- 0.0 ,1.2  +- 10.9 ,43.1  +- 15.8 ,1.2  +- 10.7 ,1.2  +- 10.9 ,43.6  +- 11.5 ,1.0  +- 9.0 ,59.7  +- 10.8 ,1.0  +- 9.0 ,28.8  +- 13.9 ,4024 +- 3406,6806 +- 4538
tl_SGD_hinge_max,1550.0  +- 13016.7 ,1.2  +- 10.9 ,1.3  +- 10.8 ,1433.3  +- 11952.7 ,1.2  +- 10.1 ,1.4  +- 10.7 ,1.6  +- 11.4 ,2.4  +- 15.3 ,88583.3  +- 17711.7 ,1.3  +- 10.9 ,2.4  +- 15.3 ,1.3  +- 10.9 ,1528.6  +- 12821.2 ,98.8  +- 10.9 ,2.0  +- 13.2 ,1.2  +- 10.0 ,100.0  +- 0.0 ,2.2  +- 14.5 ,42.6  +- 14.0 ,1.4  +- 11.0 ,1.4  +- 10.7 ,44.0  +- 11.1 ,1.3  +- 10.8 ,59.1  +- 11.4 ,1.3  +- 10.8 ,29.0  +- 13.3 ,4027 +- 3403,7034 +- 4838
resc_tl_SGD_hinge_max,1502.4  +- 12742.5 ,1.2  +- 10.9 ,1.2  +- 10.6 ,1385.7  +- 11677.2 ,1.2  +- 9.9 ,1.4  +- 10.6 ,1.5  +- 11.2 ,2.4  +- 15.3 ,88631.0  +- 17567.6 ,1.3  +- 10.6 ,2.4  +- 15.3 ,1.3  +- 10.6 ,1481.0  +- 12546.8 ,98.8  +- 10.9 ,2.2  +- 14.1 ,1.1  +- 9.7 ,100.0  +- 0.0 ,2.4  +- 15.3 ,42.6  +- 14.1 ,1.3  +- 10.7 ,1.3  +- 10.5 ,44.0  +- 11.0 ,1.2  +- 10.6 ,59.2  +- 11.5 ,1.2  +- 10.6 ,29.0  +- 13.2 ,4036 +- 3394,7040 +- 4860
SGD_huber,78461.9  +- 16385.5 ,1321.4  +- 852.8 ,75.8  +- 15.3 ,76969.0  +- 34714.0 ,78.2  +- 33.9 ,83.6  +- 9.2 ,83.4  +- 11.0 ,83.4  +- 12.3 ,17991.7  +- 14272.5 ,88.4  +- 12.2 ,86.2  +- 25.5 ,80.5  +- 14.7 ,72120.2  +- 15957.0 ,70.9  +- 16.1 ,80.7  +- 10.4 ,61.8  +- 27.1 ,82.4  +- 21.1 ,96.9  +- 4.3 ,70.2  +- 23.4 ,80.2  +- 13.3 ,78.3  +- 31.2 ,81.3  +- 9.3 ,62.9  +- 13.2 ,75.2  +- 13.1 ,62.9  +- 13.2 ,79.0  +- 22.6 ,1705 +- 2359,7120 +- 9716
tl_SGD_huber,85940.5  +- 17045.3 ,240.5  +- 178.4 ,82.4  +- 14.3 ,59794.0  +- 43346.4 ,60.0  +- 44.6 ,82.9  +- 8.7 ,89.5  +- 9.8 ,91.2  +- 11.7 ,12258.3  +- 12073.2 ,91.9  +- 10.6 ,70.9  +- 40.6 ,86.7  +- 12.9 ,77853.6  +- 15930.1 ,61.1  +- 18.4 ,76.7  +- 10.2 ,48.2  +- 34.5 ,81.1  +- 24.1 ,94.9  +- 12.6 ,61.9  +- 27.8 ,86.7  +- 12.1 ,60.3  +- 42.4 ,79.3  +- 9.3 ,68.8  +- 13.2 ,69.6  +- 16.4 ,68.8  +- 13.2 ,66.1  +- 31.1 ,2427 +- 2990,12843 +- 13371
resc_SGD_huber,57490.5  +- 19041.6 ,747.6  +- 451.1 ,58.3  +- 20.3 ,56611.9  +- 32587.3 ,62.5  +- 34.8 ,75.5  +- 16.2 ,64.1  +- 17.6 ,83.6  +- 14.8 ,34753.6  +- 21374.4 ,69.8  +- 20.4 ,97.2  +- 12.7 ,62.3  +- 21.3 ,55358.3  +- 19244.2 ,84.9  +- 14.0 ,87.1  +- 11.5 ,45.7  +- 26.4 ,96.7  +- 12.3 ,99.6  +- 0.8 ,67.5  +- 24.4 ,61.5  +- 19.5 ,69.1  +- 32.8 ,76.9  +- 12.2 ,46.4  +- 16.2 ,75.3  +- 13.4 ,46.4  +- 16.2 ,71.1  +- 26.4 ,3206 +- 3767,7788 +- 9548
resc_tl_SGD_huber,70820.2  +- 18760.5 ,248.8  +- 182.7 ,70.5  +- 18.3 ,59911.9  +- 35385.0 ,65.1  +- 37.6 ,81.4  +- 12.0 ,77.8  +- 14.7 ,88.0  +- 13.6 ,22972.6  +- 17491.3 ,82.0  +- 16.2 ,89.4  +- 26.1 ,75.0  +- 18.3 ,67139.3  +- 18396.9 ,76.0  +- 18.3 ,83.5  +- 10.7 ,48.7  +- 28.6 ,92.8  +- 15.5 ,99.4  +- 1.2 ,68.2  +- 25.8 ,74.6  +- 17.0 ,69.2  +- 35.4 ,80.2  +- 10.5 ,56.9  +- 15.8 ,75.3  +- 15.4 ,56.9  +- 15.8 ,71.7  +- 28.1 ,2323 +- 2619,9201 +- 11851
tl_resc_SGD_huber,90386.9  +- 17216.8 ,152.4  +- 156.4 ,85.1  +- 13.2 ,62778.6  +- 43294.4 ,61.6  +- 44.0 ,81.2  +- 8.6 ,91.1  +- 9.0 ,94.0  +- 9.3 ,10138.1  +- 10653.7 ,92.5  +- 10.0 ,68.9  +- 40.8 ,89.0  +- 11.5 ,79973.8  +- 15766.6 ,53.9  +- 18.5 ,73.4  +- 10.2 ,50.4  +- 34.1 ,77.7  +- 23.6 ,89.0  +- 18.8 ,60.7  +- 26.9 ,89.0  +- 10.9 ,61.3  +- 41.9 ,76.5  +- 9.4 ,72.2  +- 12.7 ,64.1  +- 17.1 ,72.2  +- 12.7 ,66.2  +- 30.8 ,2540 +- 2883,12471 +- 12991
SGD_huber_max,1114.3  +- 10124.6 ,0.0  +- 0.0 ,1.2  +- 10.6 ,1104.8  +- 10125.3 ,1.2  +- 10.9 ,1.1  +- 10.2 ,1.2  +- 10.7 ,1.2  +- 10.9 ,89007.1  +- 18073.5 ,1.2  +- 10.9 ,1.2  +- 10.9 ,1.2  +- 10.9 ,1104.8  +- 10125.3 ,99.5  +- 4.2 ,1.0  +- 9.5 ,1.0  +- 9.1 ,100.0  +- 0.0 ,1.2  +- 10.9 ,43.1  +- 15.8 ,1.2  +- 10.7 ,1.2  +- 10.9 ,43.6  +- 11.5 ,1.0  +- 9.1 ,59.7  +- 10.8 ,1.0  +- 9.1 ,28.8  +- 14.0 ,4023 +- 3407,6806 +- 4538
tl_SGD_huber_max,1548.8  +- 13015.8 ,1.2  +- 10.9 ,1.3  +- 10.8 ,1432.1  +- 11951.7 ,1.2  +- 10.1 ,1.4  +- 10.7 ,1.6  +- 11.4 ,2.4  +- 15.3 ,88584.5  +- 17711.5 ,1.3  +- 10.9 ,2.4  +- 15.3 ,1.3  +- 10.9 ,1527.4  +- 12820.3 ,98.8  +- 10.9 ,2.1  +- 13.3 ,1.2  +- 10.0 ,100.0  +- 0.0 ,2.3  +- 14.5 ,42.6  +- 14.0 ,1.4  +- 11.0 ,1.4  +- 10.7 ,44.0  +- 11.1 ,1.3  +- 10.8 ,59.1  +- 11.4 ,1.3  +- 10.8 ,29.0  +- 13.3 ,4027 +- 3403,7035 +- 4839
resc_tl_SGD_huber_max,1501.2  +- 12741.7 ,1.2  +- 10.9 ,1.2  +- 10.6 ,1384.5  +- 11676.4 ,1.2  +- 9.9 ,1.4  +- 10.6 ,1.5  +- 11.1 ,2.4  +- 15.3 ,88632.1  +- 17567.5 ,1.3  +- 10.6 ,2.4  +- 15.3 ,1.3  +- 10.6 ,1479.8  +- 12546.0 ,98.8  +- 10.9 ,2.2  +- 14.2 ,1.1  +- 9.7 ,100.0  +- 0.0 ,2.4  +- 15.3 ,42.6  +- 14.1 ,1.3  +- 10.7 ,1.3  +- 10.5 ,44.0  +- 11.0 ,1.2  +- 10.6 ,59.2  +- 11.5 ,1.2  +- 10.6 ,29.0  +- 13.2 ,4036 +- 3394,7040 +- 4862
LSTM_20_raw,80261.9  +- 15136.1 ,1460.7  +- 906.1 ,78.1  +- 13.5 ,79775.0  +- 32409.0 ,81.1  +- 32.1 ,85.2  +- 8.0 ,86.0  +- 8.5 ,84.3  +- 11.8 ,15410.7  +- 11934.0 ,90.9  +- 9.0 ,87.4  +- 25.8 ,83.4  +- 12.1 ,74701.2  +- 14400.6 ,71.2  +- 16.8 ,81.2  +- 10.8 ,63.9  +- 24.7 ,85.2  +- 21.0 ,97.1  +- 6.1 ,74.3  +- 24.2 ,82.9  +- 10.9 ,81.4  +- 29.8 ,82.7  +- 8.8 ,64.3  +- 11.8 ,76.5  +- 13.7 ,64.3  +- 11.8 ,82.3  +- 21.4 ,1854 +- 2412,5588 +- 8865
tl_LSTM_20_raw,87996.4  +- 15514.6 ,206.0  +- 174.5 ,85.0  +- 12.2 ,68810.7  +- 39800.3 ,68.5  +- 41.4 ,84.4  +- 7.6 ,92.0  +- 6.8 ,92.2  +- 9.5 ,9647.6  +- 9569.1 ,94.5  +- 6.9 ,76.2  +- 36.6 ,89.6  +- 10.1 ,80464.3  +- 14549.4 ,61.2  +- 18.5 ,77.0  +- 10.4 ,55.2  +- 31.7 ,80.2  +- 23.2 ,94.5  +- 12.8 ,66.0  +- 26.8 ,89.4  +- 9.1 ,68.5  +- 39.2 ,80.7  +- 8.9 ,70.4  +- 11.6 ,71.0  +- 16.8 ,70.4  +- 11.6 ,72.4  +- 28.2 ,2255 +- 2625,9851 +- 11977
resc_LSTM_20_raw,60871.4  +- 17598.1 ,831.0  +- 432.1 ,61.4  +- 18.5 ,57773.8  +- 34280.2 ,63.6  +- 36.2 ,78.4  +- 13.7 ,67.9  +- 15.3 ,85.0  +- 13.4 ,31331.0  +- 19129.3 ,73.9  +- 17.7 ,94.5  +- 19.3 ,65.9  +- 19.2 ,58781.0  +- 17927.6 ,83.9  +- 14.3 ,87.1  +- 11.0 ,46.9  +- 27.7 ,95.3  +- 14.3 ,99.6  +- 0.8 ,67.8  +- 25.2 ,65.1  +- 17.4 ,69.3  +- 34.2 ,78.7  +- 11.2 ,49.0  +- 14.8 ,76.3  +- 13.2 ,49.0  +- 14.8 ,71.8  +- 26.7 ,2261 +- 2334,8707 +- 10409
resc_tl_LSTM_20_raw,74471.4  +- 17053.9 ,214.3  +- 175.0 ,74.1  +- 15.8 ,63895.2  +- 33596.4 ,68.6  +- 35.0 ,83.7  +- 9.7 ,81.1  +- 12.2 ,88.3  +- 14.1 ,19200.0  +- 15127.8 ,86.0  +- 12.7 ,90.3  +- 24.2 ,79.2  +- 15.6 ,70911.9  +- 16418.0 ,75.0  +- 17.5 ,83.1  +- 10.6 ,51.7  +- 26.8 ,92.2  +- 16.2 ,98.2  +- 8.4 ,69.2  +- 24.6 ,78.3  +- 14.6 ,73.0  +- 32.3 ,81.9  +- 9.4 ,59.8  +- 14.1 ,76.6  +- 14.2 ,59.8  +- 14.1 ,74.5  +- 25.0 ,2056 +- 2089,8224 +- 10622
tl_resc_LSTM_20_raw,92045.2  +- 15664.9 ,117.9  +- 125.3 ,87.4  +- 11.3 ,72754.8  +- 39675.0 ,70.8  +- 40.3 ,82.5  +- 7.9 ,93.3  +- 6.1 ,95.1  +- 7.1 ,7810.7  +- 8229.4 ,94.7  +- 6.5 ,75.5  +- 36.2 ,91.5  +- 8.9 ,82301.2  +- 14810.6 ,54.2  +- 18.4 ,73.8  +- 10.5 ,58.1  +- 31.1 ,77.1  +- 22.7 ,91.1  +- 15.9 ,65.5  +- 25.5 ,91.4  +- 7.8 ,70.2  +- 38.1 ,77.8  +- 9.3 ,73.5  +- 11.1 ,65.4  +- 17.8 ,73.5  +- 11.1 ,73.4  +- 27.2 ,2402 +- 2714,9185 +- 11320
LSTM_20_raw_max,940.5  +- 8619.6 ,1.2  +- 10.9 ,0.9  +- 8.6 ,940.5  +- 8619.6 ,0.8  +- 7.3 ,1.1  +- 10.1 ,0.8  +- 7.6 ,1.2  +- 10.9 ,89171.4  +- 15818.0 ,1.1  +- 10.0 ,1.2  +- 10.9 ,0.8  +- 7.3 ,940.5  +- 8619.6 ,99.9  +- 0.7 ,1.1  +- 10.3 ,0.7  +- 6.0 ,100.0  +- 0.0 ,1.2  +- 10.9 ,42.6  +- 14.6 ,0.7  +- 6.1 ,1.0  +- 8.7 ,43.5  +- 11.8 ,0.7  +- 6.0 ,59.6  +- 11.3 ,0.7  +- 6.0 ,28.5  +- 12.5 ,4126 +- 3451,6823 +- 4508
tl_LSTM_20_raw_max,1411.9  +- 12907.2 ,1.2  +- 10.9 ,1.2  +- 10.8 ,1291.7  +- 11838.3 ,1.1  +- 10.0 ,1.2  +- 10.5 ,1.2  +- 10.8 ,1.2  +- 10.9 ,88721.4  +- 17694.3 ,1.2  +- 10.8 ,1.2  +- 10.9 ,1.2  +- 10.8 ,1390.5  +- 12710.8 ,98.8  +- 10.9 ,2.3  +- 14.9 ,1.1  +- 9.9 ,100.0  +- 0.0 ,1.2  +- 10.9 ,42.6  +- 14.0 ,1.2  +- 10.8 ,1.1  +- 10.4 ,43.9  +- 11.0 ,1.2  +- 10.8 ,59.1  +- 11.4 ,1.2  +- 10.8 ,28.9  +- 13.2 ,4029 +- 3400,6896 +- 4450
resc_tl_LSTM_20_raw_max,1364.3  +- 12503.9 ,0.0  +- 0.0 ,1.1  +- 10.5 ,1263.1  +- 11576.5 ,1.1  +- 9.8 ,1.1  +- 10.4 ,1.2  +- 10.6 ,1.2  +- 10.9 ,88753.6  +- 17555.0 ,1.1  +- 10.5 ,1.2  +- 10.9 ,1.2  +- 10.5 ,1358.3  +- 12449.3 ,99.0  +- 9.0 ,1.1  +- 10.3 ,1.1  +- 9.7 ,100.0  +- 0.0 ,1.2  +- 10.9 ,42.5  +- 14.1 ,1.2  +- 10.6 ,1.1  +- 10.3 ,43.9  +- 11.0 ,1.1  +- 10.4 ,59.4  +- 10.3 ,1.1  +- 10.4 ,28.9  +- 13.1 ,4038 +- 3392,6896 +- 4450
gt,71111.9  +- 12329.5 ,4179.8  +- 2378.9 ,71.7  +- 12.3 ,69451.2  +- 27464.2 ,78.6  +- 30.0 ,100.0  +- 0.0 ,77.5  +- 11.2 ,85.8  +- 10.0 ,19100.0  +- 11985.1 ,100.0  +- 0.0 ,99.9  +- 0.1 ,79.6  +- 10.9 ,71011.9  +- 12329.5 ,100.0  +- 0.0 ,100.0  +- 0.0 ,55.6  +- 21.7 ,99.9  +- 0.2 ,98.8  +- 2.1 ,78.9  +- 25.9 ,75.2  +- 12.2 ,83.6  +- 27.1 ,100.0  +- 0.0 ,57.1  +- 10.5 ,100.0  +- 0.0 ,57.1  +- 10.5 ,83.3  +- 23.8 ,1130 +- 2283,5096 +- 8977
always1,125713.1  +- 15425.6 ,0.0  +- 0.0 ,100.0  +- 0.0 ,115913.1  +- 15425.6 ,98.5  +- 3.5 ,72.1  +- 8.5 ,100.0  +- 0.0 ,100.0  +- 0.0 ,0.0  +- 0.0 ,100.0  +- 0.0 ,77.0  +- 11.5 ,100.0  +- 0.0 ,90111.9  +- 15170.4 ,0.0  +- 0.0 ,57.1  +- 10.5 ,92.1  +- 1.0 ,27.5  +- 18.7 ,87.6  +- 6.9 ,37.7  +- 17.7 ,100.0  +- 0.0 ,85.8  +- 7.4 ,57.1  +- 10.5 ,100.0  +- 0.0 ,0.0  +- 0.0 ,100.0  +- 0.0 ,77.4  +- 10.1 ,4023 +- 3407,4688 +- 3442
always0,0.0  +- 0.0 ,0.0  +- 0.0 ,0.0  +- 0.0 ,0.0  +- 0.0 ,0.0  +- 0.0 ,0.0  +- 0.0 ,0.0  +- 0.0 ,0.0  +- 0.0 ,90111.9  +- 15170.4 ,0.0  +- 0.0 ,0.0  +- 0.0 ,0.0  +- 0.0 ,0.0  +- 0.0 ,100.0  +- 0.0 ,0.0  +- 0.0 ,0.0  +- 0.0 ,100.0  +- 0.0 ,0.0  +- 0.0 ,42.3  +- 14.6 ,0.0  +- 0.0 ,0.0  +- 0.0 ,42.9  +- 10.5 ,0.0  +- 0.0 ,59.3  +- 10.8 ,0.0  +- 0.0 ,27.9  +- 11.6 ,4023 +- 3407,6874 +- 4477
binterval,87507.1  +- 21236.1 ,35.7  +- 70.5 ,87.7  +- 18.7 ,77972.6  +- 30167.9 ,82.2  +- 29.5 ,83.6  +- 12.9 ,100.0  +- 0.0 ,98.4  +- 11.0 ,8786.9  +- 15739.1 ,94.1  +- 15.2 ,92.1  +- 16.7 ,90.5  +- 17.1 ,81325.0  +- 19530.1 ,61.2  +- 21.2 ,76.6  +- 13.9 ,62.7  +- 23.8 ,86.8  +- 18.1 ,97.7  +- 10.9 ,75.2  +- 24.8 ,95.0  +- 11.3 ,83.4  +- 26.4 ,80.6  +- 11.1 ,70.1  +- 16.6 ,70.8  +- 18.5 ,70.1  +- 16.6 ,82.8  +- 22.1 ,1727 +- 2261,4686 +- 8243
wake,32540.5  +- 12376.5 ,3217.9  +- 1769.0 ,14.5  +- 8.5 ,33752.4  +- 37125.1 ,22.0  +- 33.0 ,6.6  +- 5.4 ,8.7  +- 3.9 ,51.2  +- 27.8 ,80771.4  +- 13057.2 ,4.9  +- 4.2 ,37.3  +- 39.6 ,10.0  +- 6.3 ,9340.5  +- 6589.8 ,46.4  +- 16.5 ,12.0  +- 12.0 ,26.5  +- 27.7 ,62.5  +- 28.7 ,55.6  +- 31.0 ,33.4  +- 18.2 ,10.7  +- 5.8 ,24.2  +- 31.3 ,22.8  +- 9.1 ,25.7  +- 8.7 ,33.1  +- 12.5 ,25.7  +- 8.7 ,33.4  +- 22.9 ,8335 +- 9521,16008 +- 9955
sleep,93172.6  +- 14222.6 ,3207.1  +- 1778.8 ,85.5  +- 8.5 ,99097.6  +- 24748.0 ,94.2  +- 17.7 ,82.2  +- 7.8 ,91.3  +- 3.9 ,85.3  +- 8.6 ,9340.5  +- 6589.8 ,95.1  +- 4.2 ,85.3  +- 18.3 ,90.0  +- 6.3 ,80771.4  +- 13057.2 ,53.6  +- 16.5 ,73.2  +- 11.4 ,78.7  +- 16.3 ,66.5  +- 28.5 ,93.6  +- 7.4 ,68.0  +- 24.7 ,89.3  +- 5.8 ,88.5  +- 17.3 ,77.2  +- 9.1 ,74.3  +- 8.7 ,65.2  +- 15.0 ,74.3  +- 8.7 ,85.3  +- 14.2 ,2011 +- 2806,3827 +- 5048
